Date,Value
2009-10-06,0.000885
2009-10-07,0.00105
2009-10-08,0.001084
2009-10-09,0.0012
2009-10-10,0.00112
2009-10-11,0.001153
2009-10-12,0.001102
2009-10-13,0.001129
2009-10-14,0.001136
2009-10-15,0.00117
2009-10-16,0.001245
2009-10-17,0.001241
2009-10-18,0.001225
2009-10-19,0.001248
2009-10-20,0.001233
2009-10-21,0.001211
2009-10-22,0.00122
2009-10-23,0.001257
2009-10-24,0.001273
2009-10-25,0.001288
2009-10-26,0.001266
2009-10-27,0.001263
2009-10-28,0.001285
2009-10-29,0.001266
2009-10-30,0.001256
2009-10-31,0.001247
2009-11-01,0.001219
2009-11-02,0.001256
2009-11-03,0.001273
2009-11-04,0.001306
2009-11-05,0.001306
2009-11-06,0.001286
2009-11-07,0.00128
2009-11-08,0.00126
2009-11-09,0.00126
2009-11-10,0.001236
2009-11-11,0.001299
2009-11-12,0.001341
2009-11-13,0.001355
2009-11-14,0.001286
2009-11-15,0.001236
2009-11-16,0.001189
2009-11-17,0.001178
2009-11-18,0.001106
2009-11-19,0.001073
2009-11-20,0.001077
2009-11-21,0.001064
2009-11-22,0.001059
2009-11-23,0.001
2009-11-24,0.000927
2009-11-25,0.0009
2009-11-26,0.000897
2009-11-27,0.00086
2009-11-28,0.000849
2009-11-29,0.000829
2009-11-30,0.000824
2009-12-01,0.000811
2009-12-02,0.000795
2009-12-03,0.000771
2009-12-04,0.000746
2009-12-05,0.000748
2009-12-06,0.000733
2009-12-07,0.000718
2009-12-08,0.0007
2009-12-09,0.000687
2009-12-10,0.00067
2009-12-11,0.000665
2009-12-12,0.00064
2009-12-13,0.000618
2009-12-14,0.000615
2009-12-15,0.000615
2009-12-16,0.000622
2009-12-17,0.000613
2009-12-18,0.000616
2009-12-19,0.00063
2009-12-20,0.000627
2009-12-21,0.000627
2009-12-22,0.000633
2009-12-23,0.000633
2009-12-24,0.000633
2009-12-25,0.000633
2009-12-26,0.000633
2009-12-27,0.000633
2009-12-28,0.000633
2009-12-29,0.000633
2009-12-30,0.000643
2009-12-31,0.000689
2010-01-01,0.000718
2010-01-02,0.000718
2010-01-03,0.000718
2010-01-04,0.000718
2010-01-05,0.000718
2010-01-06,0.000718
2010-01-07,0.000718
2010-01-08,0.000718
2010-01-09,0.000718
2010-01-10,0.000718
2010-01-11,0.000718
2010-01-12,0.000718
2010-01-13,0.000718
2010-01-14,0.000718
2010-01-15,0.000718
2010-01-16,0.002831
2010-01-17,0.0028
2010-01-18,0.002946
2010-01-19,0.002736
2010-01-20,0.002919
2010-01-21,0.002893
2010-01-22,0.003048
2010-01-23,0.003211
2010-01-24,0.003252
2010-01-25,0.003254
2010-01-26,0.003366
2010-01-27,0.003185
2010-01-28,0.003281
2010-01-29,0.003259
2010-01-30,0.003241
2010-01-31,0.003298
2010-02-01,0.003297
2010-02-02,0.003364
2010-02-03,0.003496
2010-02-04,0.00357
2010-02-05,0.003658
2010-02-06,0.003672
2010-02-07,0.003735
2010-02-08,0.003795
2010-02-09,0.003803
2010-02-10,0.003857
2010-02-11,0.003847
2010-02-12,0.003911
2010-02-13,0.004005
2010-02-14,0.004052
2010-02-15,0.004147
2010-02-16,0.004203
2010-02-17,0.004261
2010-02-18,0.004307
2010-02-19,0.004415
2010-02-20,0.004559
2010-02-21,0.004662
2010-02-22,0.004706
2010-02-23,0.00485
2010-02-24,0.004975
2010-02-25,0.005029
2010-02-26,0.005104
2010-02-27,0.005168
2010-02-28,0.005298
2010-03-01,0.005397
2010-03-02,0.005472
2010-03-03,0.005472
2010-03-04,0.005472
2010-03-05,0.005472
2010-03-06,0.005472
2010-03-07,0.005472
2010-03-08,0.005472
2010-03-09,0.005472
2010-03-10,0.005472
2010-03-11,0.005472
2010-03-12,0.005472
2010-03-13,0.005472
2010-03-14,0.005472
2010-03-15,0.005472
2010-03-16,0.005472
2010-03-17,0.005472
2010-03-18,0.005472
2010-03-19,0.005472
2010-03-20,0.005472
2010-03-21,0.005472
2010-03-22,0.005472
2010-03-23,0.005472
2010-03-24,0.005472
2010-03-25,0.005472
2010-03-26,0.005472
2010-03-27,0.005472
2010-03-28,0.005472
2010-03-29,0.005472
2010-03-30,0.005472
2010-03-31,0.005472
2010-04-01,0.005472
2010-04-02,0.005472
2010-04-03,0.005472
2010-04-04,0.005472
2010-04-05,0.005472
2010-04-06,0.005472
2010-04-07,0.005472
2010-04-08,0.005472
2010-04-09,0.005472
2010-04-10,0.005472
2010-04-11,0.005472
2010-04-12,0.005472
2010-04-13,0.005472
2010-04-14,0.005472
2010-04-15,0.005472
2010-04-16,0.005472
2010-04-17,0.005472
2010-04-18,0.005472
2010-04-19,0.005472
2010-04-20,0.005472
2010-04-21,0.005472
2010-04-22,0.005472
2010-04-23,0.005472
2010-04-24,0.005472
2010-04-25,0.003
2010-04-26,0.003
2010-04-27,0.003
2010-04-28,0.003
2010-04-29,0.003
2010-04-30,0.003
2010-05-01,0.003
2010-05-02,0.003
2010-05-03,0.003
2010-05-04,0.003
2010-05-05,0.003284
2010-05-06,0.004014
2010-05-07,0.004206
2010-05-08,0.003499
2010-05-09,0.003499
2010-05-10,0.0039
2010-05-11,0.004043
2010-05-12,0.004376
2010-05-13,0.004376
2010-05-14,0.004
2010-05-15,0.004
2010-05-16,0.004
2010-05-17,0.004
2010-05-18,0.004647
2010-05-19,0.004571
2010-05-20,0.0045
2010-05-21,0.0045
2010-05-22,0.004473
2010-05-23,0.0047
2010-05-24,0.0047
2010-05-25,0.004845
2010-05-26,0.004598
2010-05-27,0.004598
2010-05-28,0.004547
2010-05-29,0.004485
2010-05-30,0.004485
2010-05-31,0.004485
2010-06-01,0.004485
2010-06-02,0.004485
2010-06-03,0.004485
2010-06-04,0.004485
2010-06-05,0.004485
2010-06-06,0.004485
2010-06-07,0.004518
2010-06-08,0.004518
2010-06-09,0.004563
2010-06-10,0.005
2010-06-11,0.005
2010-06-12,0.005
2010-06-13,0.005
2010-06-14,0.005
2010-06-15,0.005
2010-06-16,0.005
2010-06-17,0.005
2010-06-18,0.004975
2010-06-19,0.004975
2010-06-20,0.004975
2010-06-21,0.004975
2010-06-22,0.004975
2010-06-23,0.004967
2010-06-24,0.005181
2010-06-25,0.005181
2010-06-26,0.0044
2010-06-27,0.0044
2010-06-28,0.005328
2010-06-29,0.005328
2010-06-30,0.0054
2010-07-01,0.006032
2010-07-02,0.0055
2010-07-03,0.006409
2010-07-04,0.006777
2010-07-05,0.007153
2010-07-06,0.00575
2010-07-07,0.007893
2010-07-08,0.00625
2010-07-09,0.00625
2010-07-10,0.008099
2010-07-11,0.007886
2010-07-12,0.011933
2010-07-13,0.016075
2010-07-14,0.019472
2010-07-15,0.030863
2010-07-16,0.060535
2010-07-17,0.068107
2010-07-18,0.0858
2010-07-19,0.0808
2010-07-20,0.0747
2010-07-21,0.0792
2010-07-22,0.0505
2010-07-23,0.0626
2010-07-24,0.0545
2010-07-25,0.0505
2010-07-26,0.056
2010-07-27,0.06
2010-07-28,0.0589
2010-07-29,0.0699
2010-07-30,0.0627
2010-07-31,0.0679
2010-08-01,0.0611
2010-08-02,0.06
2010-08-03,0.06
2010-08-04,0.057
2010-08-05,0.061
2010-08-06,0.0623
2010-08-07,0.059
2010-08-08,0.0609
2010-08-09,0.071
2010-08-10,0.07
2010-08-11,0.067
2010-08-12,0.07
2010-08-13,0.0645
2010-08-14,0.067
2010-08-15,0.0653
2010-08-16,0.0655
2010-08-17,0.07
2010-08-18,0.068
2010-08-19,0.0667
2010-08-20,0.0655
2010-08-21,0.0664
2010-08-22,0.066
2010-08-23,0.0649
2010-08-24,0.065
2010-08-25,0.0648
2010-08-26,0.064
2010-08-27,0.065
2010-08-28,0.0641
2010-08-29,0.064
2010-08-30,0.065
2010-08-31,0.06
2010-09-01,0.0629
2010-09-02,0.0634
2010-09-03,0.0609
2010-09-04,0.0624
2010-09-05,0.0616
2010-09-06,0.0616
2010-09-07,0.061
2010-09-08,0.062
2010-09-09,0.0611
2010-09-10,0.0618
2010-09-11,0.0637
2010-09-12,0.0615
2010-09-13,0.0622
2010-09-14,0.062
2010-09-15,0.0604
2010-09-16,0.0619
2010-09-17,0.059
2010-09-18,0.061
2010-09-19,0.0627
2010-09-20,0.0621
2010-09-21,0.0627
2010-09-22,0.0622
2010-09-23,0.0623
2010-09-24,0.0622
2010-09-25,0.062
2010-09-26,0.062
2010-09-27,0.0622
2010-09-28,0.0619
2010-09-29,0.0619
2010-09-30,0.0619
2010-10-01,0.062
2010-10-02,0.0614
2010-10-03,0.0611
2010-10-04,0.0613
2010-10-05,0.0614
2010-10-06,0.0628
2010-10-07,0.067
2010-10-08,0.0869
2010-10-09,0.0938
2010-10-10,0.0965
2010-10-11,0.095
2010-10-12,0.0949
2010-10-13,0.105
2010-10-14,0.102
2010-10-15,0.105
2010-10-16,0.101
2010-10-17,0.102
2010-10-18,0.1024
2010-10-19,0.097
2010-10-20,0.099
2010-10-21,0.107
2010-10-22,0.1025
2010-10-23,0.1055
2010-10-24,0.115
2010-10-25,0.132
2010-10-26,0.1503
2010-10-27,0.1877
2010-10-28,0.1731
2010-10-29,0.19
2010-10-30,0.1989
2010-10-31,0.1925
2010-11-01,0.1955
2010-11-02,0.1938
2010-11-03,0.1931
2010-11-04,0.23
2010-11-05,0.26
2010-11-06,0.39
2010-11-07,0.34
2010-11-08,0.243
2010-11-09,0.21
2010-11-10,0.24
2010-11-11,0.2231
2010-11-12,0.2682
2010-11-13,0.276
2010-11-14,0.279
2010-11-15,0.2682
2010-11-16,0.223
2010-11-17,0.2299
2010-11-18,0.2678
2010-11-19,0.28
2010-11-20,0.283
2010-11-21,0.2768
2010-11-22,0.2879
2010-11-23,0.283
2010-11-24,0.283
2010-11-25,0.28
2010-11-26,0.2844
2010-11-27,0.283
2010-11-28,0.27
2010-11-29,0.2299
2010-11-30,0.2082
2010-12-01,0.2275
2010-12-02,0.255
2010-12-03,0.2511
2010-12-04,0.205
2010-12-05,0.19
2010-12-06,0.204
2010-12-07,0.233
2010-12-08,0.2388
2010-12-09,0.2
2010-12-10,0.204
2010-12-11,0.228
2010-12-12,0.22
2010-12-13,0.2299
2010-12-14,0.2467
2010-12-15,0.238
2010-12-16,0.25
2010-12-17,0.24
2010-12-18,0.241
2010-12-19,0.2401
2010-12-20,0.267
2010-12-21,0.24
2010-12-22,0.25
2010-12-23,0.25
2010-12-24,0.248
2010-12-25,0.2499
2010-12-26,0.265
2010-12-27,0.265
2010-12-28,0.281
2010-12-29,0.3
2010-12-30,0.3
2010-12-31,0.3
2011-01-01,0.3
2011-01-02,0.3
2011-01-03,0.295
2011-01-04,0.299
2011-01-05,0.299
2011-01-06,0.298
2011-01-07,0.32
2011-01-08,0.3229
2011-01-09,0.323
2011-01-10,0.3266
2011-01-11,0.3266
2011-01-12,0.3188
2011-01-13,0.3176
2011-01-14,0.4
2011-01-15,0.386
2011-01-16,0.3868
2011-01-17,0.3495
2011-01-18,0.313
2011-01-19,0.313
2011-01-20,0.39
2011-01-21,0.4199
2011-01-22,0.4443
2011-01-23,0.4424
2011-01-24,0.4199
2011-01-25,0.41
2011-01-26,0.417
2011-01-27,0.4212
2011-01-28,0.446
2011-01-29,0.439
2011-01-30,0.4799
2011-01-31,0.52
2011-02-01,0.7
2011-02-02,0.716
2011-02-03,0.69
2011-02-04,0.811
2011-02-05,0.92
2011-02-06,0.8997
2011-02-07,0.89
2011-02-08,0.918
2011-02-09,1.09
2011-02-10,0.9803
2011-02-11,1.07
2011-02-12,1.0799
2011-02-13,1.05
2011-02-14,1.07
2011-02-15,1.05
2011-02-16,1.045
2011-02-17,1.04
2011-02-18,0.8989
2011-02-19,0.949
2011-02-20,0.85
2011-02-21,0.8345
2011-02-22,0.8702
2011-02-23,0.9
2011-02-24,0.9974
2011-02-25,0.9111
2011-02-26,0.958
2011-02-27,0.89
2011-02-28,0.86
2011-03-01,0.9202
2011-03-02,0.9399
2011-03-03,0.9391
2011-03-04,0.901
2011-03-05,0.9103
2011-03-06,0.8999
2011-03-07,0.885
2011-03-08,0.87
2011-03-09,0.8645
2011-03-10,0.9329
2011-03-11,0.88
2011-03-12,0.918
2011-03-13,0.8925
2011-03-14,0.8949
2011-03-15,0.87
2011-03-16,0.86
2011-03-17,0.8254
2011-03-18,0.8165
2011-03-19,0.765
2011-03-20,0.7411
2011-03-21,0.759
2011-03-22,0.809
2011-03-23,0.8497
2011-03-24,0.8669
2011-03-25,0.8838
2011-03-26,0.8552
2011-03-27,0.82
2011-03-28,0.799
2011-03-29,0.7925
2011-03-30,0.7897
2011-03-31,0.7846
2011-04-01,0.7741
2011-04-02,0.782
2011-04-03,0.779
2011-04-04,0.68
2011-04-05,0.71
2011-04-06,0.74
2011-04-07,0.7538
2011-04-08,0.75
2011-04-09,0.73
2011-04-10,0.7369
2011-04-11,0.77
2011-04-12,0.86
2011-04-13,0.9225
2011-04-14,1.0
2011-04-15,0.9899
2011-04-16,1.0499
2011-04-17,1.1123
2011-04-18,1.162
2011-04-19,1.1979
2011-04-20,1.1421
2011-04-21,1.21
2011-04-22,1.409
2011-04-23,1.7001
2011-04-24,1.6301
2011-04-25,1.559
2011-04-26,1.7949
2011-04-27,1.9
2011-04-28,2.2106
2011-04-29,2.88
2011-04-30,3.5
2011-05-01,3.0331
2011-05-02,3.2
2011-05-03,3.41
2011-05-04,3.4061
2011-05-05,3.333
2011-05-06,3.45
2011-05-07,3.641
2011-05-08,3.8659
2011-05-09,3.8
2011-05-10,5.81
2011-05-11,5.5
2011-05-12,6.3002
2011-05-13,8.198
2011-05-14,7.1977
2011-05-15,6.987
2011-05-16,8.0339
2011-05-17,7.19
2011-05-18,6.88
2011-05-19,6.805
2011-05-20,5.5904
2011-05-21,6.1197
2011-05-22,6.6901
2011-05-23,7.1499
2011-05-24,7.42
2011-05-25,8.3997
2011-05-26,8.798
2011-05-27,8.5002
2011-05-28,8.3001
2011-05-29,8.4299
2011-05-30,8.8
2011-05-31,8.741
2011-06-01,9.57
2011-06-02,10.6
2011-06-03,14.29
2011-06-04,18.89
2011-06-05,16.7
2011-06-06,18.5499
2011-06-07,23.9234
2011-06-08,29.6
2011-06-09,28.919
2011-06-10,23.9497
2011-06-11,14.6511
2011-06-12,18.5464
2011-06-13,19.84
2011-06-14,19.28
2011-06-15,19.49
2011-06-16,17.0
2011-06-17,15.681
2011-06-18,16.89
2011-06-19,17.51
2011-06-20,17.51
2011-06-21,17.51
2011-06-22,17.51
2011-06-23,17.51
2011-06-24,17.51
2011-06-25,17.51
2011-06-26,16.45
2011-06-27,16.75
2011-06-28,16.9498
2011-06-29,16.845
2011-06-30,16.101
2011-07-01,15.397
2011-07-02,15.4
2011-07-03,15.4405
2011-07-04,13.86
2011-07-05,12.9069
2011-07-06,14.7835
2011-07-07,14.7761
2011-07-08,14.314
2011-07-09,14.38
2011-07-10,14.9
2011-07-11,14.2091
2011-07-12,14.0094
2011-07-13,13.951
2011-07-14,13.99
2011-07-15,13.81
2011-07-16,13.7191
2011-07-17,13.16
2011-07-18,13.48
2011-07-19,13.8502
2011-07-20,13.6894
2011-07-21,13.61
2011-07-22,13.6954
2011-07-23,13.68
2011-07-24,13.98
2011-07-25,14.0478
2011-07-26,13.8821
2011-07-27,13.9394
2011-07-28,13.4901
2011-07-29,13.4983
2011-07-30,13.5303
2011-07-31,13.35
2011-08-01,13.0946
2011-08-02,12.05
2011-08-03,9.26
2011-08-04,10.75
2011-08-05,9.7999
2011-08-06,6.55
2011-08-07,7.9
2011-08-08,7.7999
2011-08-09,9.99
2011-08-10,9.98
2011-08-11,9.4625
2011-08-12,9.4605
2011-08-13,10.131
2011-08-14,10.7957
2011-08-15,11.1498
2011-08-16,10.9641
2011-08-17,10.9456
2011-08-18,10.83
2011-08-19,11.65
2011-08-20,11.453
2011-08-21,11.3113
2011-08-22,10.895
2011-08-23,10.94
2011-08-24,10.8506
2011-08-25,9.657
2011-08-26,8.1794
2011-08-27,8.5902
2011-08-28,9.0701
2011-08-29,8.969
2011-08-30,8.7913
2011-08-31,8.1995
2011-09-01,8.21
2011-09-02,8.64
2011-09-03,8.48
2011-09-04,8.178
2011-09-05,7.611
2011-09-06,6.8628
2011-09-07,7.1864
2011-09-08,6.53
2011-09-09,5.03
2011-09-10,4.7739
2011-09-11,5.8644
2011-09-12,6.078
2011-09-13,5.8
2011-09-14,5.6193
2011-09-15,4.84
2011-09-16,4.82
2011-09-17,4.77
2011-09-18,5.2
2011-09-19,5.46
2011-09-20,6.1119
2011-09-21,5.6114
2011-09-22,5.4278
2011-09-23,5.5451
2011-09-24,5.4683
2011-09-25,5.33
2011-09-26,4.8697
2011-09-27,4.9156
2011-09-28,4.7725
2011-09-29,4.7794
2011-09-30,5.1401
2011-10-01,5.0324
2011-10-02,5.027
2011-10-03,5.024
2011-10-04,4.96
2011-10-05,4.87
2011-10-06,4.7344
2011-10-07,4.2728
2011-10-08,4.0075
2011-10-09,4.1029
2011-10-10,4.1
2011-10-11,3.9308
2011-10-12,4.15
2011-10-13,4.0462
2011-10-14,3.9879
2011-10-15,3.8421
2011-10-16,3.557
2011-10-17,2.56
2011-10-18,2.419
2011-10-19,2.27
2011-10-20,2.348
2011-10-21,2.57
2011-10-22,3.1588
2011-10-23,3.17
2011-10-24,2.545
2011-10-25,2.77
2011-10-26,2.773
2011-10-27,3.04
2011-10-28,3.19
2011-10-29,3.5811
2011-10-30,3.27
2011-10-31,3.248
2011-11-01,3.15
2011-11-02,3.2543
2011-11-03,3.152
2011-11-04,3.109
2011-11-05,2.97
2011-11-06,2.9596
2011-11-07,3.0068
2011-11-08,3.035
2011-11-09,2.95
2011-11-10,2.8399
2011-11-11,3.08
2011-11-12,3.031
2011-11-13,2.9969
2011-11-14,2.22
2011-11-15,2.329
2011-11-16,2.5604
2011-11-17,2.25
2011-11-18,2.05
2011-11-19,2.1959
2011-11-20,2.2
2011-11-21,2.294
2011-11-22,2.3289
2011-11-23,2.3321
2011-11-24,2.4321
2011-11-25,2.5061
2011-11-26,2.47
2011-11-27,2.4799
2011-11-28,2.55
2011-11-29,2.7502
2011-11-30,2.9701
2011-12-01,3.06
2011-12-02,3.1151
2011-12-03,2.794
2011-12-04,2.8281
2011-12-05,2.8798
2011-12-06,3.03
2011-12-07,2.99
2011-12-08,2.98
2011-12-09,2.97
2011-12-10,3.05
2011-12-11,3.2511
2011-12-12,3.135
2011-12-13,3.2499
2011-12-14,3.15
2011-12-15,3.2
2011-12-16,3.2
2011-12-17,3.2001
2011-12-18,3.193
2011-12-19,3.5202
2011-12-20,3.95
2011-12-21,3.89
2011-12-22,3.8901
2011-12-23,3.9468
2011-12-24,3.94
2011-12-25,4.225
2011-12-26,4.018
2011-12-27,4.07
2011-12-28,4.1855
2011-12-29,4.166
2011-12-30,4.248
2011-12-31,4.722
2012-01-01,5.2677
2012-01-02,5.2168
2012-01-03,4.8808
2012-01-04,5.5738
2012-01-05,6.9476
2012-01-06,6.6969
2012-01-07,6.81
2012-01-08,7.1136
2012-01-09,6.3257
2012-01-10,6.36
2012-01-11,6.9
2012-01-12,6.8
2012-01-13,6.41
2012-01-14,6.75
2012-01-15,7.0018
2012-01-16,6.6825
2012-01-17,5.6
2012-01-18,5.92
2012-01-19,6.3598
2012-01-20,6.4898
2012-01-21,6.18
2012-01-22,6.3097
2012-01-23,6.356
2012-01-24,6.2898
2012-01-25,5.75
2012-01-26,5.34
2012-01-27,5.292
2012-01-28,5.6267
2012-01-29,5.3809
2012-01-30,5.4905
2012-01-31,5.4838
2012-02-01,6.0756
2012-02-02,6.1
2012-02-03,5.9593
2012-02-04,5.8734
2012-02-05,5.6888
2012-02-06,5.4535
2012-02-07,5.69
2012-02-08,5.6
2012-02-09,5.83
2012-02-10,5.9126
2012-02-11,5.6005
2012-02-12,5.5147
2012-02-13,5.26
2012-02-14,4.4629
2012-02-15,4.3251
2012-02-16,4.2739
2012-02-17,4.41
2012-02-18,4.222
2012-02-19,4.3867
2012-02-20,4.3615
2012-02-21,4.272
2012-02-22,4.4247
2012-02-23,5.015
2012-02-24,5.0288
2012-02-25,4.773
2012-02-26,4.922
2012-02-27,4.956
2012-02-28,4.868
2012-02-29,4.86
2012-03-01,4.9213
2012-03-02,4.705
2012-03-03,4.6144
2012-03-04,4.82
2012-03-05,4.9843
2012-03-06,4.9901
2012-03-07,4.9375
2012-03-08,4.9302
2012-03-09,4.8611
2012-03-10,4.8332
2012-03-11,4.91
2012-03-12,4.8901
2012-03-13,5.27
2012-03-14,5.38
2012-03-15,5.3266
2012-03-16,5.3439
2012-03-17,5.2159
2012-03-18,5.2794
2012-03-19,4.6939
2012-03-20,4.8379
2012-03-21,4.8149
2012-03-22,4.7043
2012-03-23,4.686
2012-03-24,4.676
2012-03-25,4.55
2012-03-26,4.6191
2012-03-27,4.8113
2012-03-28,4.788
2012-03-29,4.8084
2012-03-30,4.86
2012-03-31,4.9087
2012-04-01,4.827
2012-04-02,4.974
2012-04-03,4.952
2012-04-04,4.9101
2012-04-05,4.919
2012-04-06,4.9499
2012-04-07,4.6872
2012-04-08,4.7925
2012-04-09,4.8719
2012-04-10,4.8367
2012-04-11,4.9279
2012-04-12,4.9197
2012-04-13,4.94
2012-04-14,4.9597
2012-04-15,4.9689
2012-04-16,4.932
2012-04-17,4.9759
2012-04-18,5.1178
2012-04-19,5.1377
2012-04-20,5.35
2012-04-21,5.2601
2012-04-22,5.2035
2012-04-23,4.96
2012-04-24,5.0982
2012-04-25,5.1318
2012-04-26,5.0976
2012-04-27,5.1095
2012-04-28,4.9794
2012-04-29,4.9044
2012-04-30,4.9491
2012-05-01,5.0
2012-05-02,5.0737
2012-05-03,5.1344
2012-05-04,5.067
2012-05-05,5.077
2012-05-06,5.0499
2012-05-07,5.06
2012-05-08,5.05
2012-05-09,5.0437
2012-05-10,4.85
2012-05-11,4.96
2012-05-12,4.9462
2012-05-13,4.93
2012-05-14,5.0059
2012-05-15,5.035
2012-05-16,5.0887
2012-05-17,5.0998
2012-05-18,5.118
2012-05-19,5.0995
2012-05-20,5.09
2012-05-21,5.0998
2012-05-22,5.0988
2012-05-23,5.1397
2012-05-24,5.119
2012-05-25,5.1455
2012-05-26,5.1032
2012-05-27,5.139
2012-05-28,5.1358
2012-05-29,5.15
2012-05-30,5.135
2012-05-31,5.1801
2012-06-01,5.2748
2012-06-02,5.249
2012-06-03,5.2051
2012-06-04,5.266
2012-06-05,5.44
2012-06-06,5.46
2012-06-07,5.591
2012-06-08,5.633
2012-06-09,5.56
2012-06-10,5.4683
2012-06-11,5.5747
2012-06-12,5.7
2012-06-13,5.929
2012-06-14,5.9541
2012-06-15,6.5
2012-06-16,6.4
2012-06-17,6.1638
2012-06-18,6.31
2012-06-19,6.4988
2012-06-20,6.67
2012-06-21,6.6801
2012-06-22,6.5478
2012-06-23,6.4285
2012-06-24,6.35
2012-06-25,6.3048
2012-06-26,6.4195
2012-06-27,6.647
2012-06-28,6.6059
2012-06-29,6.65
2012-06-30,6.69
2012-07-01,6.629
2012-07-02,6.76
2012-07-03,6.4499
2012-07-04,6.5101
2012-07-05,6.67
2012-07-06,6.6481
2012-07-07,6.7621
2012-07-08,6.799
2012-07-09,7.0215
2012-07-10,7.1999
2012-07-11,7.15
2012-07-12,7.7644
2012-07-13,7.6651
2012-07-14,7.5421
2012-07-15,7.621
2012-07-16,8.4996
2012-07-17,8.8
2012-07-18,9.1098
2012-07-19,8.87
2012-07-20,8.52
2012-07-21,8.8455
2012-07-22,8.4096
2012-07-23,8.4457
2012-07-24,8.6
2012-07-25,8.8
2012-07-26,8.9
2012-07-27,8.9
2012-07-28,8.8881
2012-07-29,8.7103
2012-07-30,9.098
2012-07-31,9.35
2012-08-01,9.5503
2012-08-02,10.53
2012-08-03,10.97
2012-08-04,10.984
2012-08-05,10.87
2012-08-06,10.8552
2012-08-07,11.1
2012-08-08,11.0553
2012-08-09,11.0611
2012-08-10,11.3864
2012-08-11,11.5102
2012-08-12,11.624
2012-08-13,12.0375
2012-08-14,12.19
2012-08-15,13.25
2012-08-16,13.5
2012-08-17,11.5836
2012-08-18,11.61
2012-08-19,8.0
2012-08-20,10.1
2012-08-21,9.915
2012-08-22,9.8068
2012-08-23,10.1
2012-08-24,10.6
2012-08-25,10.5239
2012-08-26,10.61
2012-08-27,10.95
2012-08-28,10.94
2012-08-29,10.9169
2012-08-30,10.777
2012-08-31,10.16
2012-09-01,9.9654
2012-09-02,10.2041
2012-09-03,10.53
2012-09-04,10.3847
2012-09-05,10.9997
2012-09-06,11.181
2012-09-07,11.0
2012-09-08,11.037
2012-09-09,11.02
2012-09-10,11.17
2012-09-11,11.3308
2012-09-12,11.3649
2012-09-13,11.399
2012-09-14,11.67
2012-09-15,11.75
2012-09-16,11.87
2012-09-17,11.89
2012-09-18,12.25
2012-09-19,12.5725
2012-09-20,12.2825
2012-09-21,12.368
2012-09-22,12.2378
2012-09-23,12.1933
2012-09-24,12.1
2012-09-25,12.197
2012-09-26,12.27
2012-09-27,12.3089
2012-09-28,12.391
2012-09-29,12.3631
2012-09-30,12.4
2012-10-01,12.4
2012-10-02,12.84
2012-10-03,12.89
2012-10-04,12.85
2012-10-05,12.688
2012-10-06,12.505
2012-10-07,11.8
2012-10-08,11.7781
2012-10-09,11.895
2012-10-10,12.12
2012-10-11,12.03
2012-10-12,12.0
2012-10-13,11.861
2012-10-14,11.7389
2012-10-15,11.8381
2012-10-16,11.8499
2012-10-17,11.81
2012-10-18,11.9398
2012-10-19,11.7401
2012-10-20,11.7399
2012-10-21,11.6311
2012-10-22,11.7101
2012-10-23,11.65
2012-10-24,11.65
2012-10-25,10.8616
2012-10-26,10.1706
2012-10-27,10.2605
2012-10-28,10.7
2012-10-29,10.6
2012-10-30,10.8875
2012-10-31,11.201
2012-11-01,10.57
2012-11-02,10.4688
2012-11-03,10.6425
2012-11-04,10.8001
2012-11-05,10.748
2012-11-06,10.899
2012-11-07,10.92
2012-11-08,10.925
2012-11-09,10.815
2012-11-10,10.89
2012-11-11,10.8687
2012-11-12,11.008
2012-11-13,10.9512
2012-11-14,10.95
2012-11-15,11.1977
2012-11-16,11.7489
2012-11-17,11.7889
2012-11-18,11.6515
2012-11-19,11.7999
2012-11-20,11.7328
2012-11-21,11.77
2012-11-22,12.4219
2012-11-23,12.345
2012-11-24,12.4115
2012-11-25,12.4821
2012-11-26,12.2455
2012-11-27,12.2
2012-11-28,12.3477
2012-11-29,12.45
2012-11-30,12.565
2012-12-01,12.562
2012-12-02,12.5
2012-12-03,12.679
2012-12-04,13.41
2012-12-05,13.38
2012-12-06,13.299
2012-12-07,13.4999
2012-12-08,13.4201
2012-12-09,13.388
2012-12-10,13.4334
2012-12-11,13.557
2012-12-12,13.6989
2012-12-13,13.7001
2012-12-14,13.6
2012-12-15,13.4901
2012-12-16,13.3
2012-12-17,13.2501
2012-12-18,13.299
2012-12-19,13.599
2012-12-20,13.5246
2012-12-21,13.5
2012-12-22,13.3714
2012-12-23,13.312
2012-12-24,13.38
2012-12-25,13.35
2012-12-26,13.4679
2012-12-27,13.4217
2012-12-28,13.4212
2012-12-29,13.4
2012-12-30,13.45
2012-12-31,13.51
2013-01-01,13.3041
2013-01-02,13.28
2013-01-03,13.3979
2013-01-04,13.5
2013-01-05,13.44
2013-01-06,13.454
2013-01-07,13.5876
2013-01-08,13.7428
2013-01-09,13.77
2013-01-10,14.14
2013-01-11,14.137
2013-01-12,14.237
2013-01-13,14.116
2013-01-14,14.3
2013-01-15,14.25
2013-01-16,14.73
2013-01-17,15.5
2013-01-18,15.705
2013-01-19,15.615
2013-01-20,15.7
2013-01-21,16.8
2013-01-22,17.2614
2013-01-23,17.5
2013-01-24,16.896
2013-01-25,17.4
2013-01-26,17.88
2013-01-27,17.8182
2013-01-28,18.721
2013-01-29,19.5254
2013-01-30,19.7
2013-01-31,20.41
2013-02-01,20.499
2013-02-02,19.63
2013-02-03,20.59
2013-02-04,20.4301
2013-02-05,20.6
2013-02-06,21.18
2013-02-07,22.15
2013-02-08,22.66
2013-02-09,23.65
2013-02-10,23.9698
2013-02-11,24.65
2013-02-12,25.1698
2013-02-13,24.2
2013-02-14,27.2205
2013-02-15,27.1
2013-02-16,27.2158
2013-02-17,26.8146
2013-02-18,26.95
2013-02-19,29.4176
2013-02-20,29.645
2013-02-21,29.7477
2013-02-22,30.2454
2013-02-23,29.8
2013-02-24,29.89
2013-02-25,30.4
2013-02-26,31.1
2013-02-27,30.9012
2013-02-28,33.38
2013-03-01,34.5
2013-03-02,34.25
2013-03-03,34.5
2013-03-04,36.152
2013-03-05,40.33
2013-03-06,41.0201
2013-03-07,42.0
2013-03-08,44.18
2013-03-09,46.85
2013-03-10,46.0
2013-03-11,48.4
2013-03-12,44.2899
2013-03-13,46.92
2013-03-14,47.1696
2013-03-15,46.95
2013-03-16,47.0002
2013-03-17,47.4
2013-03-18,51.6
2013-03-19,59.14
2013-03-20,64.4888
2013-03-21,70.85
2013-03-22,69.865
2013-03-23,64.35
2013-03-24,71.5
2013-03-25,73.6
2013-03-26,78.5
2013-03-27,88.92
2013-03-28,86.18
2013-03-29,90.5
2013-03-30,92.19
2013-03-31,93.03
2013-04-01,104.0
2013-04-02,117.98
2013-04-03,135.0
2013-04-04,132.12
2013-04-05,142.3236
2013-04-06,142.6311
2013-04-07,162.301
2013-04-08,187.5
2013-04-09,230.0
2013-04-10,165.0
2013-04-11,124.9
2013-04-12,117.0
2013-04-13,93.0
2013-04-14,90.0
2013-04-15,82.386
2013-04-16,68.3557
2013-04-17,93.07
2013-04-18,109.01
2013-04-19,118.48
2013-04-20,126.6155
2013-04-21,119.2
2013-04-22,127.4
2013-04-23,143.475
2013-04-24,154.2
2013-04-25,141.71
2013-04-26,136.9
2013-04-27,128.0001
2013-04-28,134.4444
2013-04-29,143.9999
2013-04-30,139.2269
2013-05-01,116.38
2013-05-02,106.25
2013-05-03,98.1
2013-05-04,112.9
2013-05-05,115.98
2013-05-06,112.25
2013-05-07,109.6001
2013-05-08,113.2
2013-05-09,112.799
2013-05-10,117.7
2013-05-11,115.64
2013-05-12,114.82
2013-05-13,117.9797
2013-05-14,111.4
2013-05-15,114.22
2013-05-16,118.21
2013-05-17,123.5
2013-05-18,123.211
2013-05-19,122.5
2013-05-20,122.02
2013-05-21,122.89
2013-05-22,123.8
2013-05-23,126.3
2013-05-24,133.1
2013-05-25,131.986
2013-05-26,133.5
2013-05-27,129.77
2013-05-28,129.0
2013-05-29,132.25
2013-05-30,128.799
2013-05-31,128.8151
2013-06-01,129.3
2013-06-02,122.5
2013-06-03,120.7372
2013-06-04,121.4
2013-06-05,121.9
2013-06-06,118.9699
2013-06-07,111.0
2013-06-08,107.8924
2013-06-09,100.4374
2013-06-10,106.35
2013-06-11,109.0
2013-06-12,108.7759
2013-06-13,103.949
2013-06-14,100.0
2013-06-15,99.8
2013-06-16,99.9
2013-06-17,101.95
2013-06-18,107.35
2013-06-19,108.251
2013-06-20,111.29
2013-06-21,109.5
2013-06-22,108.2
2013-06-23,107.9
2013-06-24,102.09
2013-06-25,103.3293
2013-06-26,104.0
2013-06-27,101.7368
2013-06-28,94.66
2013-06-29,94.999
2013-06-30,97.51
2013-07-01,84.6069
2013-07-02,87.6562
2013-07-03,76.8901
2013-07-04,77.685
2013-07-05,66.34
2013-07-06,66.855
2013-07-07,72.5053
2013-07-08,74.56
2013-07-09,74.225
2013-07-10,84.515
2013-07-11,91.22
2013-07-12,88.465
2013-07-13,91.3888
2013-07-14,90.3713
2013-07-15,93.14
2013-07-16,92.7415
2013-07-17,90.5425
2013-07-18,85.4298
2013-07-19,85.7775
2013-07-20,85.6675
2013-07-21,85.4725
2013-07-22,86.0862
2013-07-23,86.9389
2013-07-24,87.4575
2013-07-25,89.41
2013-07-26,90.6325
2013-07-27,89.0975
2013-07-28,92.1
2013-07-29,93.2981
2013-07-30,96.31
2013-07-31,97.915
2013-08-01,96.4175
2013-08-02,97.24
2013-08-03,96.66
2013-08-04,96.6
2013-08-05,96.92
2013-08-06,97.1331
2013-08-07,96.92
2013-08-08,94.775
2013-08-09,93.36
2013-08-10,93.2875
2013-08-11,94.1625
2013-08-12,95.085
2013-08-13,97.9021
2013-08-14,97.96
2013-08-15,97.545
2013-08-16,98.33
2013-08-17,99.565
2013-08-18,98.845
2013-08-19,102.2997
2013-08-20,105.0125
2013-08-21,111.445
2013-08-22,109.73
2013-08-23,107.5475
2013-08-24,108.6875
2013-08-25,111.795
2013-08-26,112.23
2013-08-27,117.4461
2013-08-28,117.59
2013-08-29,117.5227
2013-08-30,123.2332
2013-08-31,129.46
2013-09-01,128.2597
2013-09-02,127.3648
2013-09-03,127.5915
2013-09-04,120.5738
2013-09-05,120.5333
2013-09-06,116.321
2013-09-07,119.0547
2013-09-08,116.595
2013-09-09,120.0188
2013-09-10,121.458
2013-09-11,125.4518
2013-09-12,125.7598
2013-09-13,126.5072
2013-09-14,124.0813
2013-09-15,124.5783
2013-09-16,125.0618
2013-09-17,125.9683
2013-09-18,126.3045
2013-09-19,124.1937
2013-09-20,122.9008
2013-09-21,122.6435
2013-09-22,122.651
2013-09-23,122.2235
2013-09-24,122.5383
2013-09-25,123.423
2013-09-26,123.4763
2013-09-27,123.4983
2013-09-28,124.7483
2013-09-29,125.1807
2013-09-30,123.0983
2013-10-01,125.4938
2013-10-02,99.8135
2013-10-03,116.8168
2013-10-04,121.2945
2013-10-05,121.1398
2013-10-06,121.6828
2013-10-07,123.245
2013-10-08,124.3182
2013-10-09,125.8423
2013-10-10,125.6982
2013-10-11,125.5117
2013-10-12,126.5232
2013-10-13,130.4155
2013-10-14,133.0355
2013-10-15,138.6417
2013-10-16,137.4188
2013-10-17,142.735
2013-10-18,149.5947
2013-10-19,159.8115
2013-10-20,163.0632
2013-10-21,174.1772
2013-10-22,183.8648
2013-10-23,200.62
2013-10-24,183.1482
2013-10-25,178.1217
2013-10-26,175.9008
2013-10-27,185.6888
2013-10-28,187.8683
2013-10-29,198.1932
2013-10-30,194.5493
2013-10-31,198.2263
2013-11-01,198.5098
2013-11-02,200.8473
2013-11-03,207.6335
2013-11-04,225.196
2013-11-05,239.29
2013-11-06,253.6933
2013-11-07,283.3023
2013-11-08,323.767
2013-11-09,336.1358
2013-11-10,311.9005
2013-11-11,332.6263
2013-11-12,349.3425
2013-11-13,393.2795
2013-11-14,410.723
2013-11-15,409.1675
2013-11-16,428.8238
2013-11-17,476.295
2013-11-18,674.3768
2013-11-19,541.8257
2013-11-20,572.6675
2013-11-21,695.8668
2013-11-22,747.4818
2013-11-23,776.6998
2013-11-24,751.377
2013-11-25,778.6753
2013-11-26,899.2
2013-11-27,948.4088
2013-11-28,1037.755
2013-11-29,1120.3971
2013-11-30,1124.7631
2013-12-01,946.9237
2013-12-02,1038.3485
2013-12-03,1068.6675
2013-12-04,1147.2457
2013-12-05,1042.0267
2013-12-06,834.0262
2013-12-07,694.4709
2013-12-08,795.3968
2013-12-09,898.0222
2013-12-10,989.9975
2013-12-11,883.2617
2013-12-12,875.7474
2013-12-13,898.2112
2013-12-14,867.495
2013-12-15,879.4692
2013-12-16,712.508
2013-12-17,683.8408
2013-12-18,522.2288
2013-12-19,698.4503
2013-12-20,622.8418
2013-12-21,608.9638
2013-12-22,617.8158
2013-12-23,673.1677
2013-12-24,667.6203
2013-12-25,687.3557
2013-12-26,765.2067
2013-12-27,746.7232
2013-12-28,730.4715
2013-12-29,745.0712
2013-12-30,754.7645
2013-12-31,757.4953
2014-01-01,770.4357
2014-01-02,808.0485
2014-01-03,830.024
2014-01-04,858.9833
2014-01-05,940.0972
2014-01-06,951.3865
2014-01-07,810.5833
2014-01-08,859.9485
2014-01-09,860.895
2014-01-10,884.6667
2014-01-11,930.905
2014-01-12,873.2635
2014-01-13,857.9564
2014-01-14,851.828
2014-01-15,874.713
2014-01-16,847.3735
2014-01-17,828.222
2014-01-18,843.7583
2014-01-19,878.6807
2014-01-20,871.0483
2014-01-21,874.2885
2014-01-22,863.95
2014-01-23,854.3475
2014-01-24,825.1221
2014-01-25,861.8516
2014-01-26,880.1523
2014-01-27,814.5302
2014-01-28,833.9395
2014-01-29,837.5148
2014-01-30,845.8467
2014-01-31,848.2875
2014-02-01,853.0164
2014-02-02,854.375
2014-02-03,846.9048
2014-02-04,842.0123
2014-02-05,820.867
2014-02-06,783.6211
2014-02-07,703.567
2014-02-08,676.9094
2014-02-09,681.9371
2014-02-10,679.7338
2014-02-11,669.4418
2014-02-12,648.3835
2014-02-13,598.4075
2014-02-14,656.6068
2014-02-15,645.43
2014-02-16,610.6525
2014-02-17,621.494
2014-02-18,621.2235
2014-02-19,617.71
2014-02-20,552.2138
2014-02-21,569.0425
2014-02-22,604.7473
2014-02-23,604.5823
2014-02-24,545.3225
2014-02-25,534.7108
2014-02-26,577.0858
2014-02-27,576.698
2014-02-28,543.9265
2014-03-01,563.7358
2014-03-02,560.3045
2014-03-03,661.1225
2014-03-04,663.598
2014-03-05,661.7858
2014-03-06,658.7245
2014-03-07,625.8278
2014-03-08,615.24
2014-03-09,633.1825
2014-03-10,625.8285
2014-03-11,628.9543
2014-03-12,631.3913
2014-03-13,638.165
2014-03-14,626.7067
2014-03-15,633.6652
2014-03-16,630.7167
2014-03-17,621.2225
2014-03-18,613.6315
2014-03-19,608.8157
2014-03-20,586.5898
2014-03-21,570.7705
2014-03-22,564.4215
2014-03-23,561.3534
2014-03-24,586.2718
2014-03-25,582.2802
2014-03-26,579.0722
2014-03-27,478.1595
2014-03-28,502.4399
2014-03-29,493.1803
2014-03-30,461.8695
2014-03-31,458.4972
2014-04-01,478.7163
2014-04-02,437.515
2014-04-03,447.0822
2014-04-04,448.8792
2014-04-05,464.8259
2014-04-06,460.7028
2014-04-07,446.2195
2014-04-08,450.4638
2014-04-09,440.1983
2014-04-10,360.8407
2014-04-11,420.0563
2014-04-12,420.66
2014-04-13,414.9495
2014-04-14,457.6338
2014-04-15,520.1233
2014-04-16,529.1625
2014-04-17,494.4
2014-04-18,478.2312
2014-04-19,501.5515
2014-04-20,497.3177
2014-04-21,493.0921
2014-04-22,484.429
2014-04-23,486.9317
2014-04-24,500.2568
2014-04-25,459.6104
2014-04-26,456.1395
2014-04-27,429.6537
2014-04-28,437.0587
2014-04-29,444.2533
2014-04-30,445.8655
2014-05-01,456.2673
2014-05-02,446.6438
2014-05-03,436.9381
2014-05-04,434.0643
2014-05-05,429.7242
2014-05-06,426.992
2014-05-07,436.9605
2014-05-08,435.343
2014-05-09,448.235
2014-05-10,452.7108
2014-05-11,436.542
2014-05-12,438.4278
2014-05-13,437.413
2014-05-14,441.7498
2014-05-15,444.3162
2014-05-16,445.0133
2014-05-17,446.3583
2014-05-18,444.809
2014-05-19,444.3128
2014-05-20,485.8305
2014-05-21,489.1625
2014-05-22,526.0577
2014-05-23,519.0392
2014-05-24,525.6332
2014-05-25,570.095
2014-05-26,581.8267
2014-05-27,569.6332
2014-05-28,574.4547
2014-05-29,565.5058
2014-05-30,616.47
2014-05-31,623.2567
2014-06-01,629.0242
2014-06-02,658.786
2014-06-03,665.73
2014-06-04,636.7837
2014-06-05,656.0598
2014-06-06,645.5647
2014-06-07,652.7083
2014-06-08,653.6402
2014-06-09,645.341
2014-06-10,649.8068
2014-06-11,627.9098
2014-06-12,581.8033
2014-06-13,597.4267
2014-06-14,571.6902
2014-06-15,591.9718
2014-06-16,588.06
2014-06-17,607.3427
2014-06-18,604.8752
2014-06-19,592.2648
2014-06-20,588.5215
2014-06-21,591.0298
2014-06-22,598.8765
2014-06-23,587.4598
2014-06-24,575.0667
2014-06-25,562.1263
2014-06-26,579.3842
2014-06-27,600.8645
2014-06-28,591.994
2014-06-29,598.6032
2014-06-30,639.3623
2014-07-01,635.5905
2014-07-02,647.34
2014-07-03,640.6879
2014-07-04,626.9575
2014-07-05,628.3313
2014-07-06,631.7065
2014-07-07,617.9918
2014-07-08,620.2193
2014-07-09,620.5496
2014-07-10,615.1129
2014-07-11,631.1804
2014-07-12,634.4775
2014-07-13,627.5759
2014-07-14,618.3798
2014-07-15,619.3558
2014-07-16,615.2039
2014-07-17,622.6234
2014-07-18,628.2156
2014-07-19,625.8011
2014-07-20,621.3725
2014-07-21,620.0103
2014-07-22,618.8076
2014-07-23,617.9274
2014-07-24,600.0065
2014-07-25,599.928
2014-07-26,593.8526
2014-07-27,590.9454
2014-07-28,584.6931
2014-07-29,582.2034
2014-07-30,564.37
2014-07-31,581.3501
2014-08-01,595.0845
2014-08-02,587.2878
2014-08-03,585.5078
2014-08-04,586.7639
2014-08-05,583.1125
2014-08-06,583.0355
2014-08-07,587.3971
2014-08-08,590.5324
2014-08-09,588.095
2014-08-10,589.45
2014-08-11,573.3066
2014-08-12,568.2099
2014-08-13,544.5681
2014-08-14,508.5536
2014-08-15,496.6164
2014-08-16,519.8314
2014-08-17,492.9513
2014-08-18,460.6719
2014-08-19,486.736
2014-08-20,511.9259
2014-08-21,516.1605
2014-08-22,513.9419
2014-08-23,497.2185
2014-08-24,508.5735
2014-08-25,501.6296
2014-08-26,513.4704
2014-08-27,510.43
2014-08-28,507.0154
2014-08-29,508.4224
2014-08-30,501.2031
2014-08-31,478.0734
2014-09-01,474.1346
2014-09-02,475.3181
2014-09-03,474.537
2014-09-04,489.0865
2014-09-05,480.501
2014-09-06,482.2371
2014-09-07,479.4833
2014-09-08,472.1479
2014-09-09,471.5576
2014-09-10,477.5273
2014-09-11,476.3349
2014-09-12,473.8254
2014-09-13,477.0861
2014-09-14,474.715
2014-09-15,471.3586
2014-09-16,463.7388
2014-09-17,454.9143
2014-09-18,421.4594
2014-09-19,391.9439
2014-09-20,406.8248
2014-09-21,396.567
2014-09-22,398.8854
2014-09-23,435.3779
2014-09-24,422.2984
2014-09-25,408.7985
2014-09-26,401.9203
2014-09-27,398.3571
2014-09-28,376.1983
2014-09-29,374.7344
2014-09-30,386.2687
2014-10-01,381.3324
2014-10-02,371.9859
2014-10-03,356.5566
2014-10-04,325.4921
2014-10-05,319.6406
2014-10-06,328.4594
2014-10-07,334.0911
2014-10-08,352.7889
2014-10-09,363.7751
2014-10-10,358.6859
2014-10-11,359.2029
2014-10-12,376.1891
2014-10-13,388.377
2014-10-14,398.7068
2014-10-15,391.8433
2014-10-16,380.0801
2014-10-17,380.4216
2014-10-18,388.9618
2014-10-19,386.5889
2014-10-20,379.3713
2014-10-21,382.377
2014-10-22,379.0963
2014-10-23,355.8614
2014-10-24,355.1695
2014-10-25,346.1126
2014-10-26,351.5414
2014-10-27,348.9613
2014-10-28,351.8971
2014-10-29,333.3788
2014-10-30,343.7828
2014-10-31,336.7995
2014-11-01,325.3865
2014-11-02,323.7426
2014-11-03,324.2303
2014-11-04,328.2833
2014-11-05,337.139
2014-11-06,348.235
2014-11-07,341.0795
2014-11-08,344.034
2014-11-09,363.3062
2014-11-10,365.2897
2014-11-11,366.9933
2014-11-12,427.2403
2014-11-13,417.1528
2014-11-14,398.4273
2014-11-15,375.1288
2014-11-16,388.5542
2014-11-17,385.8593
2014-11-18,372.377
2014-11-19,377.2368
2014-11-20,356.1388
2014-11-21,348.8617
2014-11-22,352.0417
2014-11-23,366.7687
2014-11-24,375.2355
2014-11-25,375.7174
2014-11-26,368.5104
2014-11-27,369.1426
2014-11-28,375.8489
2014-11-29,375.2228
2014-11-30,377.0901
2014-12-01,378.6444
2014-12-02,381.5364
2014-12-03,374.9728
2014-12-04,369.155
2014-12-05,376.0361
2014-12-06,374.0196
2014-12-07,374.2558
2014-12-08,360.9419
2014-12-09,351.2694
2014-12-10,344.6171
2014-12-11,347.1331
2014-12-12,350.9412
2014-12-13,347.4713
2014-12-14,351.1439
2014-12-15,345.0961
2014-12-16,326.0815
2014-12-17,319.1713
2014-12-18,310.7458
2014-12-19,317.006
2014-12-20,329.5742
2014-12-21,319.2411
2014-12-22,330.6709
2014-12-23,334.0467
2014-12-24,321.8843
2014-12-25,318.6118
2014-12-26,327.1582
2014-12-27,315.167
2014-12-28,316.7959
2014-12-29,312.4412
2014-12-30,309.8708
2014-12-31,319.6958
2015-01-01,313.9247
2015-01-02,314.5916
2015-01-03,279.8507
2015-01-04,263.6343
2015-01-05,272.9486
2015-01-06,285.5759
2015-01-07,294.8778
2015-01-08,283.2513
2015-01-09,288.8441
2015-01-10,274.0668
2015-01-11,265.3692
2015-01-12,267.0873
2015-01-13,226.9823
2015-01-14,177.2795
2015-01-15,210.4636
2015-01-16,207.2243
2015-01-17,199.625
2015-01-18,209.932
2015-01-19,213.9783
2015-01-20,210.4817
2015-01-21,225.9816
2015-01-22,232.6616
2015-01-23,232.9673
2015-01-24,247.9855
2015-01-25,254.5073
2015-01-26,271.9491
2015-01-27,262.0605
2015-01-28,233.2087
2015-01-29,232.4048
2015-01-30,226.5033
2015-01-31,216.9137
2015-02-01,226.3959
2015-02-02,237.5409
2015-02-03,226.9566
2015-02-04,226.7291
2015-02-05,216.7714
2015-02-06,222.4823
2015-02-07,227.3275
2015-02-08,222.8677
2015-02-09,220.1743
2015-02-10,220.0829
2015-02-11,219.4922
2015-02-12,221.8513
2015-02-13,235.7869
2015-02-14,257.4741
2015-02-15,234.3292
2015-02-16,233.5618
2015-02-17,243.5983
2015-02-18,236.2137
2015-02-19,239.835
2015-02-20,243.7756
2015-02-21,244.2557
2015-02-22,235.5299
2015-02-23,238.0845
2015-02-24,238.7601
2015-02-25,237.2513
2015-02-26,236.0951
2015-02-27,252.5111
2015-02-28,253.5283
2015-03-01,258.7425
2015-03-02,271.3525
2015-03-03,281.4497
2015-03-04,271.9222
2015-03-05,274.865
2015-03-06,272.2111
2015-03-07,275.8898
2015-03-08,274.4754
2015-03-09,288.5161
2015-03-10,290.512
2015-03-11,295.8301
2015-03-12,293.8671
2015-03-13,284.2838
2015-03-14,281.3615
2015-03-15,285.3415
2015-03-16,290.3763
2015-03-17,284.4553
2015-03-18,255.3662
2015-03-19,259.7404
2015-03-20,260.838
2015-03-21,259.6162
2015-03-22,267.7968
2015-03-23,265.9432
2015-03-24,245.4422
2015-03-25,246.1339
2015-03-26,247.648
2015-03-27,246.5814
2015-03-28,252.252
2015-03-29,242.0165
2015-03-30,246.852
2015-03-31,243.3894
2015-04-01,246.5548
2015-04-02,252.2566
2015-04-03,253.5439
2015-04-04,253.1206
2015-04-05,259.9451
2015-04-06,254.5187
2015-04-07,252.7965
2015-04-08,244.3604
2015-04-09,243.2604
2015-04-10,235.2201
2015-04-11,236.117
2015-04-12,235.6352
2015-04-13,223.4056
2015-04-14,218.2741
2015-04-15,223.5659
2015-04-16,228.107
2015-04-17,222.2325
2015-04-18,222.843
2015-04-19,221.6913
2015-04-20,224.3076
2015-04-21,235.815
2015-04-22,233.923
2015-04-23,235.5616
2015-04-24,230.786
2015-04-25,225.8529
2015-04-26,218.815
2015-04-27,228.4994
2015-04-28,225.6763
2015-04-29,225.9764
2015-04-30,236.5704
2015-05-01,232.1241
2015-05-02,234.9045
2015-05-03,240.1203
2015-05-04,238.7688
2015-05-05,236.5532
2015-05-06,230.0478
2015-05-07,237.7829
2015-05-08,243.3946
2015-05-09,240.4825
2015-05-10,239.6312
2015-05-11,241.8539
2015-05-12,240.99
2015-05-13,235.7981
2015-05-14,236.739
2015-05-15,237.3101
2015-05-16,235.7265
2015-05-17,236.0996
2015-05-18,232.8655
2015-05-19,231.9434
2015-05-20,234.2455
2015-05-21,235.3048
2015-05-22,240.519
2015-05-23,239.0331
2015-05-24,241.1864
2015-05-25,237.4879
2015-05-26,237.3271
2015-05-27,237.1847
2015-05-28,237.4716
2015-05-29,237.1049
2015-05-30,233.2939
2015-05-31,229.9992
2015-06-01,223.3086
2015-06-02,225.7461
2015-06-03,225.6452
2015-06-04,224.371
2015-06-05,225.0357
2015-06-06,225.6791
2015-06-07,223.3896
2015-06-08,228.6452
2015-06-09,229.3327
2015-06-10,228.9521
2015-06-11,230.0189
2015-06-12,230.2041
2015-06-13,232.7533
2015-06-14,233.8536
2015-06-15,237.3096
2015-06-16,250.8977
2015-06-17,249.1681
2015-06-18,248.8732
2015-06-19,243.547
2015-06-20,245.2612
2015-06-21,244.01
2015-06-22,246.77
2015-06-23,243.9862
2015-06-24,240.2155
2015-06-25,242.422
2015-06-26,242.6424
2015-06-27,250.7066
2015-06-28,248.0673
2015-06-29,256.4875
2015-06-30,262.4843
2015-07-01,257.6604
2015-07-02,254.3505
2015-07-03,255.5961
2015-07-04,260.3488
2015-07-05,271.0153
2015-07-06,268.4935
2015-07-07,264.9566
2015-07-08,269.6459
2015-07-09,268.1134
2015-07-10,283.881
2015-07-11,291.6873
2015-07-12,309.9778
2015-07-13,290.8811
2015-07-14,286.1856
2015-07-15,283.8231
2015-07-16,277.8273
2015-07-17,278.4883
2015-07-18,274.4938
2015-07-19,272.4889
2015-07-20,278.4139
2015-07-21,275.0995
2015-07-22,276.6174
2015-07-23,275.6266
2015-07-24,287.9738
2015-07-25,288.1343
2015-07-26,291.6372
2015-07-27,292.7306
2015-07-28,293.7851
2015-07-29,288.7681
2015-07-30,287.2898
2015-07-31,283.9417
2015-08-01,280.0371
2015-08-02,281.65
2015-08-03,280.4796
2015-08-04,284.5033
2015-08-05,281.3783
2015-08-06,278.2516
2015-08-07,279.0303
2015-08-08,260.2
2015-08-09,264.4388
2015-08-10,263.7615
2015-08-11,270.9167
2015-08-12,265.6418
2015-08-13,263.3371
2015-08-14,264.8686
2015-08-15,260.7343
2015-08-16,257.6735
2015-08-17,256.984
2015-08-18,219.0045
2015-08-19,225.3944
2015-08-20,234.6873
2015-08-21,231.9406
2015-08-22,229.7444
2015-08-23,227.589
2015-08-24,209.1322
2015-08-25,221.7118
2015-08-26,225.3798
2015-08-27,224.261
2015-08-28,230.9825
2015-08-29,229.7562
2015-08-30,228.6088
2015-08-31,230.0173
2015-09-01,227.3469
2015-09-02,228.8551
2015-09-03,226.765
2015-09-04,230.0851
2015-09-05,234.6771
2015-09-06,239.4383
2015-09-07,240.0202
2015-09-08,243.5473
2015-09-09,238.2916
2015-09-10,238.5896
2015-09-11,240.0838
2015-09-12,234.8185
2015-09-13,230.328
2015-09-14,230.2406
2015-09-15,229.9241
2015-09-16,228.7976
2015-09-17,232.7924
2015-09-18,232.7167
2015-09-19,231.2382
2015-09-20,230.8605
2015-09-21,226.6056
2015-09-22,230.5237
2015-09-23,229.9556
2015-09-24,234.2833
2015-09-25,234.8379
2015-09-26,234.2083
2015-09-27,232.8486
2015-09-28,239.3428
2015-09-29,236.6214
2015-09-30,236.2455
2015-10-01,237.5698
2015-10-02,237.4021
2015-10-03,239.0891
2015-10-04,238.6874
2015-10-05,240.5872
2015-10-06,246.4218
2015-10-07,243.2664
2015-10-08,242.6905
2015-10-09,244.3213
2015-10-10,245.3313
2015-10-11,247.5253
2015-10-12,245.5856
2015-10-13,249.9352
2015-10-14,252.5949
2015-10-15,254.8133
2015-10-16,262.9353
2015-10-17,271.2039
2015-10-18,262.9003
2015-10-19,264.4158
2015-10-20,270.2188
2015-10-21,267.3272
2015-10-22,274.4108
2015-10-23,277.4554
2015-10-24,282.6605
2015-10-25,283.0717
2015-10-26,286.1325
2015-10-27,294.3998
2015-10-28,303.8866
2015-10-29,313.5861
2015-10-30,326.0045
2015-10-31,312.4321
2015-11-01,325.082
2015-11-02,359.3523
2015-11-03,400.7063
2015-11-04,408.7414
2015-11-05,387.51
2015-11-06,374.95
2015-11-07,384.8
2015-11-08,373.487
2015-11-09,380.043
2015-11-10,337.932
2015-11-11,312.578
2015-11-12,336.856
2015-11-13,337.292
2015-11-14,333.553
2015-11-15,319.9283
2015-11-16,331.59
2015-11-17,335.77
2015-11-18,334.973
2015-11-19,326.315
2015-11-20,321.988
2015-11-21,327.174
2015-11-22,324.344
2015-11-23,323.257
2015-11-24,320.161
2015-11-25,328.983
2015-11-26,353.304
2015-11-27,358.185
2015-11-28,357.663
2015-11-29,371.864
2015-11-30,376.907
2015-12-01,362.729
2015-12-02,359.43
2015-12-03,361.308
2015-12-04,363.4825
2015-12-05,388.861
2015-12-06,388.458
2015-12-07,395.865
2015-12-08,418.136
2015-12-09,418.036
2015-12-10,415.252
2015-12-11,453.9
2015-12-12,435.897
2015-12-13,433.537
2015-12-14,443.839
2015-12-15,465.502
2015-12-16,455.375
2015-12-17,455.987
2015-12-18,463.844
2015-12-19,462.226
2015-12-20,442.496
2015-12-21,437.761
2015-12-22,435.5
2015-12-23,442.839
2015-12-24,454.848
2015-12-25,455.312
2015-12-26,417.216
2015-12-27,422.523
2015-12-28,421.265
2015-12-29,432.618
2015-12-30,426.145
2015-12-31,430.05
2016-01-01,434.463
2016-01-02,433.586
2016-01-03,430.361
2016-01-04,433.493
2016-01-05,432.253
2016-01-06,429.464
2016-01-07,458.28
2016-01-08,453.37
2016-01-09,449.143
2016-01-10,448.964
2016-01-11,448.385
2016-01-12,432.884
2016-01-13,432.04
2016-01-14,429.729
2016-01-15,358.766
2016-01-16,387.665
2016-01-17,380.208
2016-01-18,385.844
2016-01-19,377.745
2016-01-20,418.742
2016-01-21,409.945
2016-01-22,381.761
2016-01-23,386.191
2016-01-24,402.61
2016-01-25,390.663
2016-01-26,391.43
2016-01-27,394.629
2016-01-28,379.384
2016-01-29,378.2
2016-01-30,376.937
2016-01-31,367.135
2016-02-01,371.248
2016-02-02,372.877
2016-02-03,368.933
2016-02-04,388.612
2016-02-05,385.338
2016-02-06,375.405
2016-02-07,375.284
2016-02-08,371.101
2016-02-09,373.321
2016-02-10,379.96
2016-02-11,377.72
2016-02-12,383.126
2016-02-13,392.182
2016-02-14,406.738
2016-02-15,399.485
2016-02-16,407.361
2016-02-17,415.561
2016-02-18,421.637
2016-02-19,420.334
2016-02-20,436.517
2016-02-21,438.985
2016-02-22,438.072
2016-02-23,419.981
2016-02-24,424.362
2016-02-25,423.517
2016-02-26,432.064
2016-02-27,432.138
2016-02-28,432.64
2016-02-29,436.608
2016-03-01,433.637
2016-03-02,421.598
2016-03-03,419.466
2016-03-04,407.982
2016-03-05,397.833
2016-03-06,404.55
2016-03-07,412.982
2016-03-08,411.758
2016-03-09,412.618
2016-03-10,416.16
2016-03-11,419.887
2016-03-12,410.132
2016-03-13,412.291
2016-03-14,415.091
2016-03-15,415.383
2016-03-16,416.253
2016-03-17,418.452
2016-03-18,408.036
2016-03-19,408.52
2016-03-20,410.751
2016-03-21,411.423
2016-03-22,416.926
2016-03-23,417.386
2016-03-24,414.341
2016-03-25,415.687
2016-03-26,416.73
2016-03-27,425.378
2016-03-28,422.756
2016-03-29,415.553
2016-03-30,412.69
2016-03-31,415.161
2016-04-01,417.009
2016-04-02,419.686
2016-04-03,419.385
2016-04-04,419.416
2016-04-05,422.653
2016-04-06,421.7
2016-04-07,421.204
2016-04-08,418.089
2016-04-09,418.419
2016-04-10,421.111
2016-04-11,422.99
2016-04-12,425.99
2016-04-13,424.401
2016-04-14,425.106
2016-04-15,429.98
2016-04-16,430.837
2016-04-17,427.862
2016-04-18,429.054
2016-04-19,436.105
2016-04-20,442.156
2016-04-21,451.102
2016-04-22,447.636
2016-04-23,452.584
2016-04-24,460.327
2016-04-25,462.51
2016-04-26,467.803
2016-04-27,445.012
2016-04-28,449.856
2016-04-29,456.35
2016-04-30,449.333
2016-05-01,453.042
2016-05-02,444.513
2016-05-03,450.274
2016-05-04,446.962
2016-05-05,448.527
2016-05-06,460.374
2016-05-07,459.465
2016-05-08,459.437
2016-05-09,461.491
2016-05-10,450.987
2016-05-11,452.113
2016-05-12,454.818
2016-05-13,455.735
2016-05-14,455.753
2016-05-15,457.848
2016-05-16,453.41
2016-05-17,452.746
2016-05-18,453.378
2016-05-19,436.729
2016-05-20,442.953
2016-05-21,443.135
2016-05-22,438.773
2016-05-23,443.734
2016-05-24,445.13
2016-05-25,449.234
2016-05-26,453.819
2016-05-27,473.467
2016-05-28,525.433
2016-05-29,524.083
2016-05-30,532.586
2016-05-31,531.797
2016-06-01,536.424
2016-06-02,538.145
2016-06-03,570.471
2016-06-04,573.45
2016-06-05,574.106
2016-06-06,585.531
2016-06-07,577.856
2016-06-08,583.105
2016-06-09,576.454
2016-06-10,579.131
2016-06-11,611.777
2016-06-12,675.343
2016-06-13,705.619
2016-06-14,685.989
2016-06-15,696.323
2016-06-16,768.242
2016-06-17,747.554
2016-06-18,755.684
2016-06-19,764.045
2016-06-20,727.949
2016-06-21,665.876
2016-06-22,602.887
2016-06-23,625.495
2016-06-24,665.162
2016-06-25,665.329
2016-06-26,630.246
2016-06-27,658.399
2016-06-28,646.304
2016-06-29,639.082
2016-06-30,672.485
2016-07-01,676.523
2016-07-02,703.686
2016-07-03,659.688
2016-07-04,681.63
2016-07-05,668.092
2016-07-06,676.113
2016-07-07,639.761
2016-07-08,664.743
2016-07-09,650.627
2016-07-10,649.962
2016-07-11,649.027
2016-07-12,664.839
2016-07-13,653.934
2016-07-14,659.636
2016-07-15,664.876
2016-07-16,663.541
2016-07-17,679.051
2016-07-18,673.594
2016-07-19,673.843
2016-07-20,666.18
2016-07-21,665.099
2016-07-22,650.822
2016-07-23,654.862
2016-07-24,661.05
2016-07-25,655.135
2016-07-26,651.077
2016-07-27,655.442
2016-07-28,655.627
2016-07-29,656.669
2016-07-30,654.976
2016-07-31,625.881
2016-08-01,607.374
2016-08-02,552.821
2016-08-03,565.2638
2016-08-04,578.3213
2016-08-05,574.9563
2016-08-06,588.4225
2016-08-07,592.78
2016-08-08,590.6225
2016-08-09,584.7588
2016-08-10,592.8925
2016-08-11,586.525
2016-08-12,586.0263
2016-08-13,585.0813
2016-08-14,571.4438
2016-08-15,567.2025
2016-08-16,576.2488
2016-08-17,571.745
2016-08-18,572.5025
2016-08-19,573.6638
2016-08-20,580.7025
2016-08-21,580.69
2016-08-22,584.7325
2016-08-23,581.2813
2016-08-24,577.995
2016-08-25,575.7338
2016-08-26,578.1563
2016-08-27,568.6663
2016-08-28,573.555
2016-08-29,572.3613
2016-08-30,575.9988
2016-08-31,572.3338
2016-09-01,571.6938
2016-09-02,574.1475
2016-09-03,598.3838
2016-09-04,608.9175
2016-09-05,606.0275
2016-09-06,611.07
2016-09-07,614.7875
2016-09-08,624.9488
2016-09-09,621.7963
2016-09-10,622.2125
2016-09-11,605.8088
2016-09-12,606.3075
2016-09-13,606.9213
2016-09-14,608.22
2016-09-15,605.21
2016-09-16,606.3338
2016-09-17,605.2938
2016-09-18,608.6988
2016-09-19,608.5275
2016-09-20,599.4738
2016-09-21,595.7988
2016-09-22,595.035
2016-09-23,601.7138
2016-09-24,601.3413
2016-09-25,599.1763
2016-09-26,606.8125
2016-09-27,604.7625
2016-09-28,603.5188
2016-09-29,605.0588
2016-09-30,608.4375
2016-10-01,613.9338
2016-10-02,610.2913
2016-10-03,612.3375
2016-10-04,609.375
2016-10-05,610.885
2016-10-06,610.9
2016-10-07,616.4888
2016-10-08,616.5963
2016-10-09,614.6238
2016-10-10,617.4225
2016-10-11,639.3738
2016-10-12,635.0813
2016-10-13,635.02
2016-10-14,638.3675
2016-10-15,637.3713
2016-10-16,639.8275
2016-10-17,636.92
2016-10-18,635.5088
2016-10-19,628.1538
2016-10-20,628.6225
2016-10-21,630.1538
2016-10-22,652.715
2016-10-23,649.245
2016-10-24,648.3988
2016-10-25,652.895
2016-10-26,674.3575
2016-10-27,686.52
2016-10-28,688.0963
2016-10-29,712.87
2016-10-30,696.3538
2016-10-31,697.3688
2016-11-01,729.2713
2016-11-02,742.465
2016-11-03,687.5075
2016-11-04,702.5375
2016-11-05,704.1638
2016-11-06,712.2363
2016-11-07,704.0188
2016-11-08,709.1525
2016-11-09,721.1913
2016-11-10,713.6675
2016-11-11,716.5563
2016-11-12,703.5463
2016-11-13,702.5038
2016-11-14,706.395
2016-11-15,711.9563
2016-11-16,742.07
2016-11-17,735.4063
2016-11-18,749.6775
2016-11-19,750.6325
2016-11-20,728.6075
2016-11-21,736.7163
2016-11-22,748.225
2016-11-23,741.5963
2016-11-24,736.3988
2016-11-25,738.2775
2016-11-26,732.8238
2016-11-27,728.425
2016-11-28,731.7463
2016-11-29,731.765
2016-11-30,742.0075
2016-12-01,753.255
2016-12-02,771.4075
2016-12-03,764.9725
2016-12-04,766.4638
2016-12-05,750.7088
2016-12-06,758.81
2016-12-07,763.8975
2016-12-08,766.7513
2016-12-09,770.415
2016-12-10,773.2113
2016-12-11,768.6213
2016-12-12,777.9113
2016-12-13,775.25
2016-12-14,776.6363
2016-12-15,775.48
2016-12-16,780.85
2016-12-17,788.5763
2016-12-18,788.5888
2016-12-19,790.1563
2016-12-20,798.785
2016-12-21,833.1025
2016-12-22,858.7363
2016-12-23,916.7875
2016-12-24,894.2025
2016-12-25,894.4825
2016-12-26,902.5538
2016-12-27,931.1138
2016-12-28,978.0088
2016-12-29,969.625
2016-12-30,960.4713
2016-12-31,968.2275
2017-01-01,997.6888
2017-01-02,1018.05
2017-01-03,1030.8175
2017-01-04,1129.87
2017-01-05,1005.815
2017-01-06,895.67
2017-01-07,905.17
2017-01-08,913.5238
2017-01-09,899.35
2017-01-10,904.7925
2017-01-11,775.9813
2017-01-12,802.8288
2017-01-13,826.1213
2017-01-14,818.6388
2017-01-15,822.4225
2017-01-16,830.2638
2017-01-17,904.4538
2017-01-18,884.2513
2017-01-19,898.0213
2017-01-20,891.6238
2017-01-21,920.0113
2017-01-22,925.3313
2017-01-23,912.6875
2017-01-24,885.6475
2017-01-25,894.11
2017-01-26,915.1
2017-01-27,918.5625
2017-01-28,920.28
2017-01-29,914.0438
2017-01-30,920.2413
2017-01-31,967.6675
2017-02-01,987.3463
2017-02-02,1007.795
2017-02-03,1018.1113
2017-02-04,1033.6525
2017-02-05,1013.9938
2017-02-06,1024.6125
2017-02-07,1052.5388
2017-02-08,1054.3438
2017-02-09,988.9475
2017-02-10,993.0788
2017-02-11,1010.0025
2017-02-12,999.5125
2017-02-13,996.8575
2017-02-14,1009.2513
2017-02-15,1009.1163
2017-02-16,1034.0825
2017-02-17,1053.1225
2017-02-18,1058.4063
2017-02-19,1052.8175
2017-02-20,1083.2413
2017-02-21,1123.6563
2017-02-22,1122.195
2017-02-23,1178.384
2017-02-24,1180.918
2017-02-25,1151.581
2017-02-26,1179.968
2017-02-27,1194.278
2017-02-28,1190.888
2017-03-01,1230.016
2017-03-02,1260.924
2017-03-03,1290.786
2017-03-04,1267.68
2017-03-05,1277.685
2017-03-06,1280.868
2017-03-07,1232.431
2017-03-08,1150.481
2017-03-09,1191.815
2017-03-10,1117.025
2017-03-11,1181.645
2017-03-12,1229.505
2017-03-13,1243.242
2017-03-14,1246.309
2017-03-15,1259.601
2017-03-16,1172.909
2017-03-17,1070.128
2017-03-18,970.598
2017-03-19,1017.8
2017-03-20,1041.343
2017-03-21,1115.039
2017-03-22,1037.44
2017-03-23,1029.95
2017-03-24,935.946
2017-03-25,964.692
2017-03-26,965.229
2017-03-27,1040.491
2017-03-28,1044.251
2017-03-29,1040.392
2017-03-30,1037.527
2017-03-31,1079.748
2017-04-01,1089.511
2017-04-02,1098.776
2017-04-03,1147.631
2017-04-04,1143.746
2017-04-05,1134.998
2017-04-06,1190.597
2017-04-07,1193.019
2017-04-08,1184.824
2017-04-09,1210.055
2017-04-10,1213.339
2017-04-11,1224.767
2017-04-12,1216.505
2017-04-13,1178.533
2017-04-14,1183.44
2017-04-15,1180.699
2017-04-16,1184.787
2017-04-17,1203.731
2017-04-18,1217.596
2017-04-19,1226.939
2017-04-20,1255.403
2017-04-21,1257.135
2017-04-22,1244.375
2017-04-23,1248.2175
2017-04-24,1248.325
2017-04-25,1263.545
2017-04-26,1284.845
2017-04-27,1329.19
2017-04-28,1320.0513
2017-04-29,1327.0388
2017-04-30,1347.9588
2017-05-01,1402.0838
2017-05-02,1443.6825
2017-05-03,1491.9988
2017-05-04,1515.6288
2017-05-05,1512.2088
2017-05-06,1548.2863
2017-05-07,1555.4713
2017-05-08,1639.3225
2017-05-09,1706.9313
2017-05-10,1756.8025
2017-05-11,1807.3725
2017-05-12,1676.9938
2017-05-13,1759.9613
2017-05-14,1772.4163
2017-05-15,1697.3788
2017-05-16,1718.2013
2017-05-17,1802.1638
2017-05-18,1887.3263
2017-05-19,1968.1025
2017-05-20,2051.735
2017-05-21,2055.6175
2017-05-22,2139.0275
2017-05-23,2291.4775
2017-05-24,2476.2963
2017-05-25,2357.5038
2017-05-26,2247.4825
2017-05-27,2106.3075
2017-05-28,2207.5775
2017-05-29,2289.87
2017-05-30,2197.2338
2017-05-31,2330.2338
2017-06-01,2452.1813
2017-06-02,2517.4088
2017-06-03,2555.6538
2017-06-04,2552.8088
2017-06-05,2736.595
2017-06-06,2914.0825
2017-06-07,2694.2188
2017-06-08,2825.0313
2017-06-09,2826.7
2017-06-10,2942.345
2017-06-11,3018.545
2017-06-12,2682.595
2017-06-13,2738.9313
2017-06-14,2494.485
2017-06-15,2456.9238
2017-06-16,2528.1025
2017-06-17,2663.9975
2017-06-18,2576.1713
2017-06-19,2641.665
2017-06-20,2778.8275
2017-06-21,2712.1575
2017-06-22,2740.79
2017-06-23,2738.225
2017-06-24,2619.1188
2017-06-25,2594.4538
2017-06-26,2485.3588
2017-06-27,2593.17
2017-06-28,2584.5638
2017-06-29,2561.5613
2017-06-30,2499.9838
2017-07-01,2460.2
2017-07-02,2529.7838
2017-07-03,2581.0663
2017-07-04,2625.0713
2017-07-05,2629.2725
2017-07-06,2619.1125
2017-07-07,2521.2363
2017-07-08,2579.9338
2017-07-09,2525.675
2017-07-10,2371.96
2017-07-11,2332.1875
2017-07-12,2423.16
2017-07-13,2364.5163
2017-07-14,2232.655
2017-07-15,1993.2588
2017-07-16,1938.9425
2017-07-17,2244.265
2017-07-18,2327.8975
2017-07-19,2294.405
2017-07-20,2877.3863
2017-07-21,2694.2913
2017-07-22,2838.81
2017-07-23,2762.6263
2017-07-24,2779.0438
2017-07-25,2591.2163
2017-07-26,2550.18
2017-07-27,2697.4725
2017-07-28,2805.1788
2017-07-29,2720.08
2017-07-30,2746.3263
2017-07-31,2873.8325
2017-08-01,2735.5875
2017-08-02,2723.58
2017-08-03,2814.3613
2017-08-04,2883.6813
2017-08-05,3301.7588
2017-08-06,3255.0025
2017-08-07,3431.9688
2017-08-08,3453.1625
2017-08-09,3377.5438
2017-08-10,3445.28
2017-08-11,3679.6075
2017-08-12,3917.6488
2017-08-13,4111.1963
2017-08-14,4382.7413
2017-08-15,4204.43
2017-08-16,4425.2963
2017-08-17,4316.34
2017-08-18,4159.4575
2017-08-19,4206.1313
2017-08-20,4111.22
2017-08-21,4054.9425
2017-08-22,4137.6725
2017-08-23,4191.2175
2017-08-24,4362.475
2017-08-25,4408.3238
2017-08-26,4387.4613
2017-08-27,4394.515
2017-08-28,4439.6588
2017-08-29,4648.1338
2017-08-30,4630.7275
2017-08-31,4764.8675
2017-09-01,4950.7238
2017-09-02,4643.975
2017-09-03,4631.695
2017-09-04,4319.7213
2017-09-05,4422.1213
2017-09-06,4626.72
2017-09-07,4638.0975
2017-09-08,4317.5375
2017-09-09,4291.88
2017-09-10,4191.175
2017-09-11,4188.845
2017-09-12,4148.2675
2017-09-13,3874.2588
2017-09-14,3226.4125
2017-09-15,3686.9
2017-09-16,3678.7375
2017-09-17,3672.5663
2017-09-18,4067.0775
2017-09-19,3896.9988
2017-09-20,3858.0888
2017-09-21,3612.6813
2017-09-22,3603.3088
2017-09-23,3777.2938
2017-09-24,3662.12
2017-09-25,3927.4988
2017-09-26,3895.5125
2017-09-27,4208.5613
2017-09-28,4185.2925
2017-09-29,4164.1038
2017-09-30,4353.0475
2017-10-01,4394.6388
2017-10-02,4404.0975
2017-10-03,4320.09
2017-10-04,4225.9238
2017-10-05,4322.755
2017-10-06,4370.245
2017-10-07,4437.0338
2017-10-08,4596.9625
2017-10-09,4772.975
2017-10-10,4754.6988
2017-10-11,4830.7663
2017-10-12,5439.1338
2017-10-13,5640.1275
2017-10-14,5809.6938
2017-10-15,5697.3917
2017-10-16,5754.2213
2017-10-17,5595.235
2017-10-18,5572.1988
2017-10-19,5699.5838
2017-10-20,5984.0863
2017-10-21,6013.2288
2017-10-22,5984.9563
2017-10-23,5895.2988
2017-10-24,5518.85
2017-10-25,5733.9038
2017-10-26,5888.145
2017-10-27,5767.68
2017-10-28,5732.825
2017-10-29,6140.5313
2017-10-30,6121.8
2017-10-31,6447.6675
2017-11-01,6750.1725
2017-11-02,7030.0025
2017-11-03,7161.4513
2017-11-04,7386.9988
2017-11-05,7382.4488
2017-11-06,6958.2113
2017-11-07,7118.8013
2017-11-08,7458.795
2017-11-09,7146.7813
2017-11-10,6570.3125
2017-11-11,6337.0
2017-11-12,5857.3175
2017-11-13,6517.6763
2017-11-14,6598.7688
2017-11-15,7279.0013
2017-11-16,7843.9375
2017-11-17,7689.9088
2017-11-18,7776.94
2017-11-19,8033.9363
2017-11-20,8238.2025
2017-11-21,8095.5938
2017-11-22,8230.6925
2017-11-23,8002.6413
2017-11-24,8201.4613
2017-11-25,8763.785
2017-11-26,9326.5888
2017-11-27,9739.055
2017-11-28,9908.2288
2017-11-29,9816.3475
2017-11-30,9916.5363
2017-12-01,10859.5625
2017-12-02,10895.0138
2017-12-03,11180.8875
2017-12-04,11616.855
2017-12-05,11696.0583
2017-12-06,13708.9913
2017-12-07,16858.02
2017-12-08,16057.145
2017-12-09,14913.4038
2017-12-10,15036.9563
2017-12-11,16699.6775
2017-12-12,17178.1025
2017-12-13,16407.2025
2017-12-14,16531.0838
2017-12-15,17601.9438
2017-12-16,19343.04
2017-12-17,19086.6438
2017-12-18,18960.5225
2017-12-19,17608.35
2017-12-20,16454.7225
2017-12-21,15561.05
2017-12-22,13857.145
2017-12-23,14548.71
2017-12-24,13975.4363
2017-12-25,13917.0275
2017-12-26,15745.2575
2017-12-27,15378.285
2017-12-28,14428.76
2017-12-29,14427.87
2017-12-30,12629.8138
2017-12-31,13860.1363
2018-01-01,13412.44
2018-01-02,14740.7563
2018-01-03,15134.6513
2018-01-04,15155.2263
2018-01-05,16937.1738
2018-01-06,17135.8363
2018-01-07,16178.495
2018-01-08,14970.3575
2018-01-09,14439.4738
2018-01-10,14890.7225
2018-01-11,13287.26
2018-01-12,13812.715
2018-01-13,14188.785
2018-01-14,13619.0288
2018-01-15,13585.9013
2018-01-16,11348.02
2018-01-17,11141.2488
2018-01-18,11250.6475
2018-01-19,11514.925
2018-01-20,12759.6413
2018-01-21,11522.8588
2018-01-22,10772.15
2018-01-23,10839.8263
2018-01-24,11399.52
2018-01-25,11137.2375
2018-01-26,11090.0638
2018-01-27,11407.1538
2018-01-28,11694.4675
2018-01-29,11158.3938
2018-01-30,10034.9975
2018-01-31,10166.5063
2018-02-01,9052.5763
2018-02-02,8827.63
2018-02-03,9224.3913
2018-02-04,8186.6488
2018-02-05,6914.26
2018-02-06,7700.3863
2018-02-07,7581.8038
2018-02-08,8237.2363
2018-02-09,8689.8388
2018-02-10,8556.6125
2018-02-11,8070.7963
2018-02-12,8891.2125
2018-02-13,8516.2438
2018-02-14,9477.84
2018-02-15,10016.4888
2018-02-16,10178.7125
2018-02-17,11092.1475
2018-02-18,10396.63
2018-02-19,11159.7238
2018-02-20,11228.2413
2018-02-21,10456.1725
2018-02-22,9830.4263
2018-02-23,10149.4625
2018-02-24,9682.3825
2018-02-25,9586.46
2018-02-26,10313.0825
2018-02-27,10564.4188
2018-02-28,10309.6413
2018-03-01,10907.59
2018-03-02,11019.5213
2018-03-03,11438.6513
2018-03-04,11479.7313
2018-03-05,11432.9825
2018-03-06,10709.5275
2018-03-07,9906.8
2018-03-08,9299.2838
2018-03-09,9237.05
2018-03-10,8787.1638
2018-03-11,9532.7413
2018-03-12,9118.2713
2018-03-13,9144.1475
2018-03-14,8196.8975
2018-03-15,8256.9938
2018-03-16,8269.3275
2018-03-17,7862.1088
2018-03-18,8196.0225
2018-03-19,8594.1913
2018-03-20,8915.9038
2018-03-21,8895.4
2018-03-22,8712.8913
2018-03-23,8918.7438
2018-03-24,8535.8938
2018-03-25,8449.835
2018-03-26,8138.3363
2018-03-27,7790.1575
2018-03-28,7937.205
2018-03-29,7086.4875
2018-03-30,6844.3213
2018-03-31,6926.0175
2018-04-01,6816.74
2018-04-02,7049.7938
2018-04-03,7417.8875
2018-04-04,6789.3013
2018-04-05,6774.7513
2018-04-06,6620.4088
2018-04-07,6896.2813
2018-04-08,7022.7088
2018-04-09,6773.9388
2018-04-10,6830.9038
2018-04-11,6939.55
2018-04-12,7916.3725
2018-04-13,7889.2313
2018-04-14,8003.6813
2018-04-15,8357.0375
2018-04-16,8051.345
2018-04-17,7890.15
2018-04-18,8163.69
2018-04-19,8273.7413
2018-04-20,8863.5025
2018-04-21,8917.5963
2018-04-22,8792.83
2018-04-23,8938.3038
2018-04-24,9652.1563
2018-04-25,8864.0875
2018-04-26,9278.9975
2018-04-27,8978.3325
2018-04-28,9342.4713
2018-04-29,9392.0313
2018-04-30,9244.3225
2018-05-01,9067.715
2018-05-02,9219.8638
2018-05-03,9734.675
2018-05-04,9692.7175
2018-05-05,9826.5975
2018-05-06,9619.1438
2018-05-07,9362.5338
2018-05-08,9180.1588
2018-05-09,9306.0
2018-05-10,9014.615
2018-05-11,8406.175
2018-05-12,8467.6563
2018-05-13,8688.0288
2018-05-14,8675.2063
2018-05-15,8474.2388
2018-05-16,8340.2988
2018-05-17,8058.6038
2018-05-18,8240.725
2018-05-19,8234.1525
2018-05-20,8520.8125
2018-05-21,8395.2325
2018-05-22,7983.5175
2018-05-23,7502.5588
2018-05-24,7578.6913
2018-05-25,7460.6938
2018-05-26,7334.1638
2018-05-27,7344.9675
2018-05-28,7105.6725
2018-05-29,7460.5838
2018-05-30,7375.67
2018-05-31,7487.1875
2018-06-01,7518.245
2018-06-02,7636.1938
2018-06-03,7711.365
2018-06-04,7490.59
2018-06-05,7616.8913
2018-06-06,7655.9788
2018-06-07,7688.0038
2018-06-08,7616.1025
2018-06-09,7497.3438
2018-06-10,6765.8013
2018-06-11,6877.1825
2018-06-12,6548.33
2018-06-13,6299.5225
2018-06-14,6637.7388
2018-06-15,6410.7225
2018-06-16,6485.8688
2018-06-17,6443.6725
2018-06-18,6709.48
2018-06-19,6737.4138
2018-06-20,6758.3788
2018-06-21,6717.2025
2018-06-22,6053.8963
2018-06-23,6170.56
2018-06-24,6150.1888
2018-06-25,6247.4675
2018-06-26,6074.9175
2018-06-27,6132.5625
2018-06-28,5848.2638
2018-06-29,6203.9013
2018-06-30,6387.3063
2018-07-01,6347.8588
2018-07-02,6613.27
2018-07-03,6504.9263
2018-07-04,6584.7663
2018-07-05,6531.2
2018-07-06,6600.9863
2018-07-07,6755.5613
2018-07-08,6704.1825
2018-07-09,6664.2063
2018-07-10,6302.49
2018-07-11,6381.8725
2018-07-12,6245.6338
2018-07-13,6217.6063
2018-07-14,6247.2275
2018-07-15,6349.0375
2018-07-16,6726.405
2018-07-17,7314.9425
2018-07-18,7378.7575
2018-07-19,7470.825
2018-07-20,7330.5363
2018-07-21,7404.2875
2018-07-22,7396.2863
2018-07-23,7717.5
2018-07-24,8397.635
2018-07-25,8166.76
2018-07-26,7929.61
2018-07-27,8183.025
2018-07-28,8229.96
2018-07-29,8215.56
2018-07-30,8167.9988
2018-07-31,7726.8913
2018-08-01,7603.7488
2018-08-02,7535.02
2018-08-03,7415.5613
2018-08-04,7009.0888
2018-08-05,7026.9913
2018-08-06,6937.0738
2018-08-07,6717.2088
2018-08-08,6280.58
2018-08-09,6537.9025
2018-08-10,6143.305
2018-08-11,6233.3813
2018-08-12,6312.8338
2018-08-13,6252.37
2018-08-14,6192.3063
2018-08-15,6270.0425
2018-08-16,6314.2413
2018-08-17,6583.2388
2018-08-18,6395.3525
2018-08-19,6485.7463
2018-08-20,6256.6063
2018-08-21,6477.3763
2018-08-22,6357.5875
2018-08-23,6525.6088
2018-08-24,6692.6213
2018-08-25,6732.5025
2018-08-26,6707.6325
2018-08-27,6907.6613
2018-08-28,7076.745
2018-08-29,7035.8125
2018-08-30,6982.4
2018-08-31,7013.9738
2018-09-01,7192.2988
2018-09-02,7295.13
2018-09-03,7261.4863
2018-09-04,7358.4963
2018-09-05,6687.0125
2018-09-06,6498.6188
2018-09-07,6396.2688
2018-09-08,6183.38
2018-09-09,6238.54
2018-09-10,6305.5738
2018-09-11,6282.9213
2018-09-12,6328.93
2018-09-13,6486.6213
2018-09-14,6492.375
2018-09-15,6515.8988
2018-09-16,6497.3663
2018-09-17,6251.16
2018-09-18,6334.1963
2018-09-19,6388.9788
2018-09-20,6491.64
2018-09-21,6753.18
2018-09-22,6712.1675
2018-09-23,6701.2975
2018-09-24,6581.51
2018-09-25,6434.6488
2018-09-26,6458.6525
2018-09-27,6684.1313
2018-09-28,6621.665
2018-09-29,6583.7713
2018-09-30,6606.085
2018-10-01,6578.7938
2018-10-02,6506.6575
2018-10-03,6470.7138
2018-10-04,6555.875
2018-10-05,6589.4038
2018-10-06,6563.425
2018-10-07,6582.4013
2018-10-08,6622.4013
2018-10-09,6606.8825
2018-10-10,6550.7313
2018-10-11,6177.2338
2018-10-12,6211.6688
2018-10-13,6227.51
2018-10-14,6222.215
2018-10-15,6513.3838
2018-10-16,6531.3625
2018-10-17,6514.6413
2018-10-18,6450.785
2018-10-19,6418.8525
2018-10-20,6455.485
2018-10-21,6453.82
2018-10-22,6448.0988
2018-10-23,6434.2538
2018-10-24,6450.31
2018-10-25,6427.3975
2018-10-26,6436.9713
2018-10-27,6431.0888
2018-10-28,6426.55
2018-10-29,6285.2338
2018-10-30,6283.5263
2018-10-31,6320.4588
2018-11-01,6358.4
2018-11-02,6368.855
2018-11-03,6346.8063
2018-11-04,6439.4788
2018-11-05,6420.865
2018-11-06,6465.9875
2018-11-07,6520.1088
2018-11-08,6425.2638
2018-11-09,6353.8763
2018-11-10,6368.675
2018-11-11,6380.815
2018-11-12,6356.0238
2018-11-13,6307.245
2018-11-14,5681.9813
2018-11-15,5620.8775
2018-11-16,5548.2338
2018-11-17,5536.0713
2018-11-18,5582.7
2018-11-19,4785.1538
2018-11-20,4413.8025
2018-11-21,4574.3588
2018-11-22,4289.6888
2018-11-23,4319.9938
2018-11-24,3815.9213
2018-11-25,3976.5713
2018-11-26,3761.4213
2018-11-27,3800.1963
2018-11-28,4241.575
2018-11-29,4263.875
2018-11-30,3992.155
2018-12-01,4165.6063
2018-12-02,4116.6138
2018-12-03,3855.6833
2018-12-04,3929.6283
2018-12-05,3722.3917
2018-12-06,3466.15
2018-12-07,3404.4567
2018-12-08,3433.3633
2018-12-09,3566.3417
2018-12-10,3447.345
2018-12-11,3378.115
2018-12-12,3465.3367
2018-12-13,3292.0883
2018-12-14,3223.7633
2018-12-15,3214.385
2018-12-16,3229.1683
2018-12-17,3540.1967
2018-12-18,3703.805
2018-12-19,3724.9933
2018-12-20,4107.6867
2018-12-21,3886.305
2018-12-22,4031.895
2018-12-23,3987.8817
2018-12-24,4069.8067
2018-12-25,3823.0583
2018-12-26,3809.19
2018-12-27,3632.68
2018-12-28,3937.05
2018-12-29,3779.7133
2018-12-30,3880.9067
2018-12-31,3740.5
2019-01-01,3869.47
2019-01-02,3941.2167
2019-01-03,3832.155
2019-01-04,3863.6267
2019-01-05,3835.5983
2019-01-06,4083.165
2019-01-07,4041.4583
2019-01-08,4029.9917
2019-01-09,4028.2917
2019-01-10,3669.5825
2019-01-11,3660.9583
2019-01-12,3658.6725
2019-01-13,3540.1583
2019-01-14,3706.1725
2019-01-15,3604.1333
2019-01-16,3630.2567
2019-01-17,3665.41
2019-01-18,3630.785
2019-01-19,3708.9633
2019-01-20,3552.8933
2019-01-21,3548.69
2019-01-22,3598.2183
2019-01-23,3576.01
2019-01-24,3598.2717
2019-01-25,3582.2
2019-01-26,3580.775
2019-01-27,3553.0133
2019-01-28,3454.48
2019-01-29,3421.12
2019-01-30,3482.3
2019-01-31,3441.985
2019-02-01,3468.2517
2019-02-02,3466.2175
2019-02-03,3443.1667
2019-02-04,3451.115
2019-02-05,3472.035
2019-02-06,3393.6717
2019-02-07,3385.97
2019-02-08,3657.4017
2019-02-09,3654.3
2019-02-10,3681.0517
2019-02-11,3621.0283
2019-02-12,3622.7133
2019-02-13,3605.3133
2019-02-14,3592.91
2019-02-15,3601.0583
2019-02-16,3611.975
2019-02-17,3661.7417
2019-02-18,3905.7433
2019-02-19,3922.0983
2019-02-20,3976.79
2019-02-21,3936.34
2019-02-22,3979.995
2019-02-23,4145.4383
2019-02-24,3767.305
2019-02-25,3852.16
2019-02-26,3830.6733
2019-02-27,3832.26
2019-02-28,3826.0233
2019-03-01,3850.0717
2019-03-02,3845.1133
2019-03-03,3820.1467
2019-03-04,3732.5733
2019-03-05,3880.8
2019-03-06,3884.9983
2019-03-07,3891.7317
2019-03-08,3875.47
2019-03-09,3950.61
2019-03-10,3932.0433
2019-03-11,3882.615
2019-03-12,3891.3467
2019-03-13,3882.8017
2019-03-14,3885.9883
2019-03-15,3935.415
2019-03-16,4022.5383
2019-03-17,3999.6617
2019-03-18,4004.8117
2019-03-19,4033.7183
2019-03-20,4064.0867
2019-03-21,3999.3233
2019-03-22,4003.55
2019-03-23,4009.4683
2019-03-24,3994.0283
2019-03-25,3929.3083
2019-03-26,3945.325
2019-03-27,4051.9033
2019-03-28,4039.0017
2019-03-29,4119.0183
2019-03-30,4117.8483
2019-03-31,4117.51
2019-04-01,4156.39
2019-04-02,4908.6883
2019-04-03,4977.0017
2019-04-04,4917.8467
2019-04-05,5053.72
2019-04-06,5058.34
2019-04-07,5208.02
2019-04-08,5296.9317
2019-04-09,5196.985
2019-04-10,5319.705
2019-04-11,5046.865
2019-04-12,5088.7483
2019-04-13,5077.7183
2019-04-14,5172.4517
2019-04-15,5033.095
2019-04-16,5214.55
2019-04-17,5237.38
2019-04-18,5290.7433
2019-04-19,5297.5667
2019-04-20,5326.9383
2019-04-21,5305.9967
2019-04-22,5396.5783
2019-04-23,5540.1117
2019-04-24,5454.4483
2019-04-25,5160.64
2019-04-26,5241.025
2019-04-27,5247.24
2019-04-28,5266.3467
2019-04-29,5259.6267
2019-04-30,5378.6183
2019-05-01,5423.66
2019-05-02,5503.3017
2019-05-03,5775.8817
2019-05-04,5876.01
2019-05-05,5823.795
2019-05-06,5799.6167
2019-05-07,5861.5917
2019-05-08,6029.08
2019-05-09,6187.28
2019-05-10,6375.5617
2019-05-11,7184.64
2019-05-12,6979.1317
2019-05-13,7801.2967
2019-05-14,7978.01
2019-05-15,8180.425
2019-05-16,7875.1633
2019-05-17,7376.8533
2019-05-18,7259.5067
2019-05-19,8189.3767
2019-05-20,7995.965
2019-05-21,7945.045
2019-05-22,7623.5133
2019-05-23,7875.9967
2019-05-24,7998.22
2019-05-25,8063.9483
2019-05-26,8738.18
2019-05-27,8783.0683
2019-05-28,8724.455
2019-05-29,8670.265
2019-05-30,8273.0117
2019-05-31,8544.97
2019-06-01,8553.1267
2019-06-02,8737.3617
2019-06-03,8105.13
2019-06-04,7677.3983
2019-06-05,7785.985
2019-06-06,7806.715
2019-06-07,8001.2767
2019-06-08,7928.5417
2019-06-09,7634.6483
2019-06-10,8016.6917
2019-06-11,7913.8933
2019-06-12,8173.3567
2019-06-13,8232.7533
2019-06-14,8693.765
2019-06-15,8857.0783
2019-06-16,8976.5367
2019-06-17,9340.25
2019-06-18,9083.8167
2019-06-19,9288.5367
2019-06-20,9539.7883
2019-06-21,10232.9167
2019-06-22,10695.3683
2019-06-23,10860.8233
2019-06-24,11041.8533
2019-06-25,11752.6783
2019-06-26,12907.135
2019-06-27,11170.885
2019-06-28,12356.2783
2019-06-29,11882.5083
2019-06-30,10769.4217
2019-07-01,10599.3267
2019-07-02,10850.4
2019-07-03,11976.6317
2019-07-04,11151.9183
2019-07-05,10996.4267
2019-07-06,11252.4533
2019-07-07,11476.4083
2019-07-08,12294.6567
2019-07-09,12563.215
2019-07-10,12096.6533
2019-07-11,11345.7717
2019-07-12,11789.3367
2019-07-13,11350.6283
2019-07-14,10194.21
2019-07-15,10842.4517
2019-07-16,9422.4517
2019-07-17,9692.7067
2019-07-18,10636.91
2019-07-19,10526.3917
2019-07-20,10754.29
2019-07-21,10586.2433
2019-07-22,10325.825
2019-07-23,9849.82
2019-07-24,9771.5667
2019-07-25,9882.1
2019-07-26,9844.5583
2019-07-27,9466.2717
2019-07-28,9527.7717
2019-07-29,9501.0317
2019-07-30,9588.6033
2019-07-31,10090.535
2019-08-01,10405.2067
2019-08-02,10526.2167
2019-08-03,10818.6983
2019-08-04,10979.3133
2019-08-05,11802.0167
2019-08-06,11467.1983
2019-08-07,11981.1517
2019-08-08,12010.8983
2019-08-09,11868.7533
2019-08-10,11289.49
2019-08-11,11561.71
2019-08-12,11396.5433
2019-08-13,10875.3483
2019-08-14,10036.1867
2019-08-15,10307.895
2019-08-16,10358.7683
2019-08-17,10220.6033
2019-08-18,10321.7317
2019-08-19,10924.965
2019-08-20,10776.9083
2019-08-21,10133.3483
2019-08-22,10113.2
2019-08-23,10406.7433
2019-08-24,10147.7633
2019-08-25,10138.6683
2019-08-26,10365.1783
2019-08-27,10177.9267
2019-08-28,9723.805
2019-08-29,9500.6367
2019-08-30,9588.0717
2019-08-31,9608.6467
2019-09-01,9773.3417
2019-09-02,10386.915
2019-09-03,10634.6433
2019-09-04,10583.6617
2019-09-05,10580.27
2019-09-06,10308.0367
2019-09-07,10488.41
2019-09-08,10404.6433
2019-09-09,10314.9717
2019-09-10,10107.7217
2019-09-11,10164.0867
2019-09-12,10433.5567
2019-09-13,10372.5533
2019-09-14,10365.4467
2019-09-15,10312.6683
2019-09-16,10271.015
2019-09-17,10199.905
2019-09-18,10165.3267
2019-09-19,10282.6567
2019-09-20,10179.955
2019-09-21,9989.755
2019-09-22,10036.7067
2019-09-23,9694.5067
2019-09-24,8538.105
2019-09-25,8449.9167
2019-09-26,8075.9667
2019-09-27,8200.2833
2019-09-28,8221.3783
2019-09-29,8067.2683
2019-09-30,8316.8767
2019-10-01,8326.58
2019-10-02,8395.2183
2019-10-03,8246.5417
2019-10-04,8161.3483
2019-10-05,8153.9767
2019-10-06,7868.34
2019-10-07,8217.6333
2019-10-08,8191.0717
2019-10-09,8596.4533
2019-10-10,8590.3733
2019-10-11,8272.395
2019-10-12,8311.8117
2019-10-13,8290.9717
2019-10-14,8362.0733
2019-10-15,8171.27
2019-10-16,8002.8483
2019-10-17,8081.3133
2019-10-18,7966.2667
2019-10-19,7974.0883
2019-10-20,8242.8633
2019-10-21,8221.3733
2019-10-22,8034.545
2019-10-23,7478.905
2019-10-24,7435.8467
2019-10-25,8671.5083
2019-10-26,9261.9983
2019-10-27,9555.305
2019-10-28,9223.2067
2019-10-29,9437.585
2019-10-30,9170.285
2019-10-31,9164.365
2019-11-01,9265.4317
2019-11-02,9312.36
2019-11-03,9211.6
2019-11-04,9424.185
2019-11-05,9326.6033
2019-11-06,9345.69
2019-11-07,9205.8083
2019-11-08,8770.3617
2019-11-09,8813.3567
2019-11-10,9044.7817
2019-11-11,8726.36
2019-11-12,8820.2333
2019-11-13,8775.1017
2019-11-14,8639.1833
2019-11-15,8471.2783
2019-11-16,8496.6
2019-11-17,8516.08
2019-11-18,8191.0667
2019-11-19,8136.2767
2019-11-20,8098.3183
2019-11-21,7633.95
2019-11-22,7292.74
2019-11-23,7335.3217
2019-11-24,6924.8483
2019-11-25,7136.7617
2019-11-26,7175.5267
2019-11-27,7531.8283
2019-11-28,7442.2967
2019-11-29,7770.54
2019-11-30,7571.4083
2019-12-01,7420.8417
2019-12-02,7320.8167
2019-12-03,7312.8833
2019-12-04,7211.35
2019-12-05,7404.4033
2019-12-06,7556.8817
2019-12-07,7517.2
2019-12-08,7539.52
2019-12-09,7351.3367
2019-12-10,7232.8433
2019-12-11,7213.4767
2019-12-12,7199.51
2019-12-13,7263.045
2019-12-14,7077.1517
2019-12-15,7125.8167
2019-12-16,6893.2367
2019-12-17,6633.3717
2019-12-18,7299.7367
2019-12-19,7161.965
2019-12-20,7198.785
2019-12-21,7150.9133
2019-12-22,7520.0433
2019-12-23,7324.495
2019-12-24,7261.025
2019-12-25,7204.0217
2019-12-26,7205.8033
2019-12-27,7259.67
2019-12-28,7313.6933
2019-12-29,7397.535
2019-12-30,7234.615
2019-12-31,7182.4017
2020-01-01,7188.4633
2020-01-02,6961.5683
2020-01-03,7346.58
2020-01-04,7355.855
2020-01-05,7356.3117
2020-01-06,7761.825
2020-01-07,8157.7617
2020-01-08,8042.8733
2020-01-09,7816.9233
2020-01-10,8189.265
2020-01-11,8016.4267
2020-01-12,8178.8833
2020-01-13,8105.4783
2020-01-14,8807.4267
2020-01-15,8808.4867
2020-01-16,8716.9133
2020-01-17,8890.25
2020-01-18,8901.17
2020-01-19,8698.5717
2020-01-20,8631.2883
2020-01-21,8727.6033
2020-01-22,8661.01
2020-01-23,8392.145
2020-01-24,8436.49
2020-01-25,8337.1017
2020-01-26,8602.7417
2020-01-27,8901.5067
2020-01-28,9393.2733
2020-01-29,9290.46
2020-01-30,9508.725
2020-01-31,9346.1333
2020-02-01,9388.6617
2020-02-02,9333.08
2020-02-03,9291.6433
2020-02-04,9175.3367
2020-02-05,9613.4033
2020-02-06,9750.5467
2020-02-07,9808.5967
2020-02-08,9897.6583
2020-02-09,10161.2833
2020-02-10,9852.7183
2020-02-11,10266.1
2020-02-12,10347.9517
2020-02-13,10230.0783
2020-02-14,10356.7567
2020-02-15,9903.0217
2020-02-16,9926.2
2020-02-17,9706.08
2020-02-18,10185.8767
2020-02-19,9593.48
2020-02-20,9607.31
2020-02-21,9695.5583
2020-02-22,9667.8433
2020-02-23,9973.2733
2020-02-24,9664.6333
2020-02-25,9313.92
2020-02-26,8790.12
2020-02-27,8816.585
2020-02-28,8715.6617
2020-02-29,8538.3983
2020-03-01,8540.2567
2020-03-02,8926.2517
2020-03-03,8768.18
2020-03-04,8767.8867
2020-03-05,9073.275
2020-03-06,9165.1517
2020-03-07,8905.9517
2020-03-08,8050.1883
2020-03-09,7944.45
2020-03-10,7899.2267
2020-03-11,7951.17
2020-03-12,4914.085
2020-03-13,5629.5767
2020-03-14,5182.3217
2020-03-15,5360.06
2020-03-16,5043.6783
2020-03-17,5337.0933
2020-03-18,5411.6217
2020-03-19,6180.27
2020-03-20,6206.6117
2020-03-21,6197.6183
2020-03-22,5803.67
2020-03-23,6492.94
2020-03-24,6766.7817
2020-03-25,6687.705
2020-03-26,6709.95
2020-03-27,6698.73
2020-03-28,6226.545
2020-03-29,5882.0067
2020-03-30,6568.805
2020-03-31,6449.95
2020-04-01,6671.95
2020-04-02,6833.05
2020-04-03,6740.075
2020-04-04,6872.915
2020-04-05,6778.61
2020-04-06,7297.75
2020-04-07,7360.37
2020-04-08,7341.15
2020-04-09,7314.95
2020-04-10,6909.95
2020-04-11,6814.05
2020-04-12,7143.45
2020-04-13,6763.065
2020-04-14,6885.1
2020-04-15,6727.15
2020-04-16,7055.8225
2020-04-17,7086.85
2020-04-18,7226.61
2020-04-19,7170.65
2020-04-20,6896.31
2020-04-21,6856.8
2020-04-22,7137.85
2020-04-23,7556.95
2020-04-24,7502.9
2020-04-25,7598.605
2020-04-26,7602.64
2020-04-27,7674.375
2020-04-28,7724.15
2020-04-29,8273.45
2020-04-30,8740.75
2020-05-01,8771.5725
2020-05-02,8891.445
2020-05-03,8819.01
2020-05-04,8801.36
2020-05-05,8900.3
2020-05-06,9248.9475
2020-05-07,9375.95
2020-05-08,9986.6675
2020-05-09,9740.815
2020-05-10,8465.45
2020-05-11,8857.0625
2020-05-12,8729.95
2020-05-13,9099.2
2020-05-14,9582.5825
2020-05-15,9523.595
2020-05-16,9465.05
2020-05-17,9775.125
2020-05-18,9636.55
2020-05-19,9789.75
2020-05-20,9772.205
2020-05-21,9335.15
2020-05-22,9177.8
2020-05-23,9186.8317
2020-05-24,9203.13
2020-05-25,8776.34
2020-05-26,8871.05
2020-05-27,8923.05
2020-05-28,9207.95
2020-05-29,9448.365
2020-05-30,9550.815
2020-05-31,9545.15
2020-06-01,9564.95
2020-06-02,10136.5
2020-06-03,9594.45
2020-06-04,9529.55
2020-06-05,9836.805
2020-06-06,9679.75
2020-06-07,9621.55
2020-06-08,9730.365
2020-06-09,9668.96
2020-06-10,9731.05
2020-06-11,9797.5
2020-06-12,9475.95
2020-06-13,9432.3875
2020-06-14,9421.895
2020-06-15,9137.25
2020-06-16,9490.7375
2020-06-17,9474.64
2020-06-18,9447.25
2020-06-19,9276.15
2020-06-20,9312.005
2020-06-21,9339.125
2020-06-22,9474.9
2020-06-23,9591.715
2020-06-24,9510.3
2020-06-25,9274.1267
2020-06-26,9127.55
2020-06-27,9164.315
2020-06-28,8991.5
2020-06-29,9096.15
2020-06-30,9144.385
2020-07-01,9153.95
2020-07-02,9199.875
2020-07-03,9094.955
2020-07-04,9083.395
2020-07-05,9075.3125
2020-07-06,9203.25
2020-07-07,9265.375
2020-07-08,9279.5833
2020-07-09,9403.85
2020-07-10,9144.715
2020-07-11,9278.05
2020-07-12,9279.05
2020-07-13,9294.6625
2020-07-14,9202.4067
2020-07-15,9214.1275
2020-07-16,9116.325
2020-07-17,9122.22
2020-07-18,9140.2575
2020-07-19,9156.11
2020-07-20,9185.375
2020-07-21,9206.5125
2020-07-22,9357.195
2020-07-23,9511.615
2020-07-24,9544.48
2020-07-25,9601.75
2020-07-26,9712.08
2020-07-27,10300.5
2020-07-28,10985.3117
2020-07-29,10982.5
2020-07-30,11053.5
2020-07-31,11025.5
2020-08-01,11354.1567
2020-08-02,11301.28
2020-08-03,11164.445
2020-08-04,11275.995
2020-08-05,11219.5
2020-08-06,11796.8174
2020-08-07,11827.265
2020-08-08,11568.5
2020-08-09,11666.45
2020-08-10,12010.28
2020-08-11,11832.5
2020-08-12,11342.01
2020-08-13,11565.095
2020-08-14,11759.5
2020-08-15,11895.627
2020-08-16,11908.33
2020-08-17,11856.5
2020-08-18,12327.5
2020-08-19,11918.5
2020-08-20,11833.8974
2020-08-21,11583.1389
2020-08-22,11674.6244
2020-08-23,11611.5
2020-08-24,11744.0127
2020-08-25,11378.726
2020-08-26,11458.8226
2020-08-27,11302.121
2020-08-28,11482.2257
2020-08-29,11515.0444
2020-08-30,11657.0039
2020-08-31,11678.3733
2020-09-01,11964.2087
2020-09-02,11795.7
2020-09-03,11302.8875
2020-09-04,10292.5983
2020-09-05,10439.5
2020-09-06,10110.44
2020-09-07,10164.13
2020-09-08,10316.5833
2020-09-09,10032.5
2020-09-10,10341.016
2020-09-11,10380.5396
2020-09-12,10436.3654
2020-09-13,10313.0686
2020-09-14,10680.2976
2020-09-15,10829.5053
2020-09-16,11033.3835
2020-09-17,10937.1113
2020-09-18,10933.9312
2020-09-19,11048.8793
2020-09-20,10852.9101
2020-09-21,10526.2029
2020-09-22,10531.1646
2020-09-23,10260.033
2020-09-24,10672.9568
2020-09-25,10729.0696
2020-09-26,10741.4765
2020-09-27,10752.3455
2020-09-28,10863.0657
2020-09-29,10764.2844
2020-09-30,10741.5796
2020-10-01,10626.601
2020-10-02,10567.3302
2020-10-03,10555.0287
2020-10-04,10660.6112
2020-10-05,10756.4046
2020-10-06,10589.6264
2020-10-07,10645.7548
2020-10-08,10897.5954
2020-10-09,11063.5317
2020-10-10,11304.4917
2020-10-11,11377.1683
2020-10-12,11545.1583
2020-10-13,11432.475
2020-10-14,11430.8717
2020-10-15,11510.5367
2020-10-16,11325.5217
2020-10-17,11369.9133
2020-10-18,11516.9667
2020-10-19,11758.5467
2020-10-20,11922.975
2020-10-21,12811.4867
2020-10-22,12987.9017
2020-10-23,12940.1067
2020-10-24,13127.055
2020-10-25,13039.0133
2020-10-26,13067.8283
2020-10-27,13638.76
2020-10-28,13276.4533
2020-10-29,13459.7983
2020-10-30,13566.925
2020-10-31,13797.1033
2020-11-01,13762.97
2020-11-02,13567.2233
2020-11-03,14030.79
2020-11-04,14158.81
2020-11-05,15593.555
2020-11-06,15589.0033
2020-11-07,14843.945
2020-11-08,15489.47
2020-11-09,15334.87
2020-11-10,15313.4433
2020-11-11,15706.54
2020-11-12,16301.0267
2020-11-13,16330.3433
2020-11-14,16075.7133
2020-11-15,15968.245
2020-11-16,16720.605
2020-11-17,17676.335
2020-11-18,17785.2667
2020-11-19,17815.0783
2020-11-20,18675.4333
2020-11-21,18697.5133
2020-11-22,18423.5133
2020-11-23,18381.7167
2020-11-24,19161.2683
2020-11-25,18723.5467
2020-11-26,17182.485
2020-11-27,17156.3033
2020-11-28,17737.9667
2020-11-29,18196.5467
2020-11-30,19708.0967
2020-12-01,18795.1967
2020-12-02,19226.22
2020-12-03,19450.2667
2020-12-04,18657.42
2020-12-05,19157.925
2020-12-06,19386.7117
2020-12-07,19185.3967
2020-12-08,18322.5533
2020-12-09,18553.92
2020-12-10,18255.9233
2020-12-11,18039.7617
2020-12-12,18811.0617
2020-12-13,19168.7533
2020-12-14,19274.8733
2020-12-15,19444.5483
2020-12-16,21349.8467
2020-12-17,22812.2817
2020-12-18,23133.2867
2020-12-19,23835.305
2020-12-20,23458.9967
2020-12-21,22718.225
2020-12-22,23817.3067
2020-12-23,23229.0133
2020-12-24,23729.6483
2020-12-25,24707.8017
2020-12-26,26445.95
2020-12-27,26248.2767
2020-12-28,27041.8667
2020-12-29,27353.9783
2020-12-30,28886.04
2020-12-31,28956.265
2021-01-01,29391.775
2021-01-02,32198.48
2021-01-03,33033.62
2021-01-04,32017.565
2021-01-05,34035.0067
2021-01-06,36826.9783
2021-01-07,39475.6067
2021-01-08,40616.7217
2021-01-09,40227.8683
2021-01-10,38191.55
2021-01-11,35463.1883
2021-01-12,34059.9133
2021-01-13,37375.8033
2021-01-14,39138.075
2021-01-15,36770.0433
2021-01-16,36029.1967
2021-01-17,35845.0217
2021-01-18,36656.9933
2021-01-19,35929.1683
2021-01-20,35510.67
2021-01-21,30838.5
2021-01-22,33018.825
2021-01-23,32106.7033
2021-01-24,32297.165
2021-01-25,32255.35
2021-01-26,32518.3583
2021-01-27,30425.3933
2021-01-28,33420.045
2021-01-29,34264.01
2021-01-30,34324.2717
2021-01-31,33129.7433
2021-02-01,33543.77
2021-02-02,35528.31
2021-02-03,37685.2767
2021-02-04,36984.6783
2021-02-05,38306.2467
2021-02-06,39269.3417
2021-02-07,38862.35
2021-02-08,46436.09
2021-02-09,46502.2933
2021-02-10,44855.6167
2021-02-11,48004.6533
2021-02-12,47410.4033
2021-02-13,47211.6683
2021-02-14,48633.26
2021-02-15,47934.1267
2021-02-16,49185.7283
2021-02-17,52127.32
2021-02-18,51573.4067
2021-02-19,55923.13
2021-02-20,55898.44
2021-02-21,57441.6
2021-02-22,54117.495
2021-02-23,48901.0167
2021-02-24,49734.52
2021-02-25,47104.7833
2021-02-26,46329.74
2021-02-27,46189.3783
2021-02-28,45256.4133
2021-03-01,49619.6433
2021-03-02,48502.8083
2021-03-03,50422.1683
2021-03-04,48365.145
2021-03-05,48780.96
2021-03-06,48887.0233
2021-03-07,50985.9417
2021-03-08,52393.36
2021-03-09,54932.3367
2021-03-10,55890.255
2021-03-11,57827.6133
2021-03-12,57254.9
2021-03-13,61184.8267
2021-03-14,58991.5683
2021-03-15,55652.0067
2021-03-16,56921.495
2021-03-17,58899.975
2021-03-18,57638.09
2021-03-19,58069.2567
2021-03-20,58119.0917
2021-03-21,57372.9783
2021-03-22,54091.9683
2021-03-23,54343.355
2021-03-24,52291.855
2021-03-25,51344.275
2021-03-26,55046.03
2021-03-27,55853.7717
2021-03-28,55777.2867
2021-03-29,57641.5567
2021-03-30,58795.9467
2021-03-31,58793.8417
2021-04-01,58726.6833
2021-04-02,58981.1117
2021-04-03,57065.38
2021-04-04,58221.755
2021-04-05,59140.685
2021-04-06,58011.415
2021-04-07,55950.97
2021-04-08,58087.18
2021-04-09,58119.59
2021-04-10,59791.845
2021-04-11,59990.8733
2021-04-12,59856.7133
2021-04-13,63564.8333
2021-04-14,62954.5883
2021-04-15,63223.7683
2021-04-16,61394.885
2021-04-17,60023.5133
2021-04-18,56232.3767
2021-04-19,55668.2283
2021-04-20,56499.2767
2021-04-21,53812.075
2021-04-22,51722.1333
2021-04-23,51161.1467
2021-04-24,50123.7367
2021-04-25,49128.24
2021-04-26,54069.5117
2021-04-27,55066.08
2021-04-28,54877.7017
2021-04-29,53579.9583
2021-04-30,57736.8583
2021-05-01,57836.0067
2021-05-02,56608.8033
2021-05-03,57189.4833
2021-05-04,53240.3383
2021-05-05,57501.215
2021-05-06,56437.9833
2021-05-07,57351.0667
2021-05-08,58940.025
2021-05-09,58290.33
2021-05-10,55862.21
2021-05-11,56737.8433
2021-05-12,49514.9883
2021-05-13,49724.3183
2021-05-14,49903.4717
2021-05-15,46777.2883
2021-05-16,46493.5217
2021-05-17,43563.3433
2021-05-18,42896.3217
2021-05-19,36765.5983
2021-05-20,40593.8117
2021-05-21,37361.405
2021-05-22,37516.8317
2021-05-23,34720.7417
2021-05-24,38856.76
2021-05-25,38378.96
2021-05-26,39299.3583
2021-05-27,38534.7717
2021-05-28,35678.94
2021-05-29,34613.67
2021-05-30,35649.8283
2021-05-31,37277.445
2021-06-01,36681.7417
2021-06-02,37583.65
2021-06-03,39232.6517
2021-06-04,36851.8417
2021-06-05,35534.9267
2021-06-06,35801.1317
2021-06-07,33580.7767
2021-06-08,33406.4817
2021-06-09,37383.66
2021-06-10,36683.9167
2021-06-11,37338.0367
2021-06-12,35545.9817
2021-06-13,39018.0383
2021-06-14,40518.6883
2021-06-15,40160.7267
2021-06-16,38344.7233
2021-06-17,38087.2533
2021-06-18,35814.6417
2021-06-19,35519.7117
2021-06-20,35605.68
2021-06-21,31651.5733
2021-06-22,32538.255
2021-06-23,33690.375
2021-06-24,34657.9733
2021-06-25,31586.9033
2021-06-26,32308.725
2021-06-27,34708.96
2021-06-28,34497.755
2021-06-29,35918.88
2021-06-30,35053.4183
2021-07-01,33524.9833
2021-07-02,33803.965
2021-07-03,34684.1333
2021-07-04,35287.2033
2021-07-05,33694.795
2021-07-06,34233.8467
2021-07-07,33876.69
2021-07-08,32869.9583
2021-07-09,33805.3783
2021-07-10,33513.4867
2021-07-11,34254.0
2021-07-12,33092.925
2021-07-13,32727.9283
2021-07-14,32822.1817
2021-07-15,31870.0083
2021-07-16,31400.4217
2021-07-17,31539.0267
2021-07-18,31800.12
2021-07-19,30837.89
2021-07-20,29800.7367
2021-07-21,32146.0733
2021-07-22,32306.5917
2021-07-23,33646.4367
2021-07-24,34289.1017
2021-07-25,35417.4683
2021-07-26,37268.7083
2021-07-27,39489.8683
2021-07-28,40021.7183
2021-07-29,40039.9783
2021-07-30,42208.2233
2021-07-31,41458.8433
2021-08-01,39882.385
2021-08-02,39154.7917
2021-08-03,38198.685
2021-08-04,39742.4433
2021-08-05,40887.41
2021-08-06,42856.3483
2021-08-07,44606.61
2021-08-08,43804.8083
2021-08-09,46283.2333
2021-08-10,45606.6133
2021-08-11,45556.0133
2021-08-12,44415.8567
2021-08-13,47837.6783
2021-08-14,47098.2633
2021-08-15,47018.9017
2021-08-16,45927.405
2021-08-17,44686.3333
2021-08-18,44725.12
2021-08-19,46768.7083
2021-08-20,49345.8517
2021-08-21,48862.0467
2021-08-22,49278.8733
2021-08-23,49525.4783
2021-08-24,47705.4083
2021-08-25,48996.0733
2021-08-26,46842.8117
2021-08-27,49082.5783
2021-08-28,48923.55
2021-08-29,48799.5817
2021-08-30,46996.925
2021-08-31,47127.2
2021-09-01,48840.9633
2021-09-02,49284.7
2021-09-03,50012.9283
2021-09-04,49924.7283
2021-09-05,51788.98
2021-09-06,52688.2417
2021-09-07,46856.45
2021-09-08,46070.405
2021-09-09,46391.0983
2021-09-10,44849.31
2021-09-11,45168.8233
2021-09-12,46043.9567
2021-09-13,44955.3717
2021-09-14,47112.1767
2021-09-15,48139.485
2021-09-16,47770.4467
2021-09-17,47297.3683
2021-09-18,48315.0433
2021-09-19,47247.4317
2021-09-20,43014.7217
2021-09-21,40681.445
2021-09-22,43577.9517
2021-09-23,44893.5833
2021-09-24,42851.7017
2021-09-25,42709.5933
2021-09-26,43199.4867
2021-09-27,42178.03
2021-09-28,41046.4417
2021-09-29,41535.125
2021-09-30,43825.5417
2021-10-01,48162.7067
2021-10-02,47671.9367
2021-10-03,48233.0983
2021-10-04,49240.26
2021-10-05,51495.32
2021-10-06,55340.015
2021-10-07,53798.405
2021-10-08,53944.2767
2021-10-09,54960.8483
2021-10-10,54686.1333
2021-10-11,57490.3067
2021-10-12,56001.745
2021-10-13,57375.7267
2021-10-14,57355.0283
2021-10-15,61693.79
2021-10-16,60871.4467
2021-10-17,61518.8433
2021-10-18,62025.1667
2021-10-19,64286.5167
2021-10-20,66015.0967
2021-10-21,62201.9633
2021-10-22,60696.97
2021-10-23,61307.6667
2021-10-24,60849.5667
2021-10-25,63084.5717
2021-10-26,60307.6533
2021-10-27,58457.8717
2021-10-28,60591.9433
2021-10-29,62253.32
2021-10-30,61888.405
2021-10-31,61338.5317
2021-11-01,60955.7683
2021-11-02,63246.855
2021-11-03,62926.8233
2021-11-04,61444.2283
2021-11-05,61016.2883
2021-11-06,61514.3833
2021-11-07,63287.79
2021-11-08,67544.8733
2021-11-09,66941.8717
2021-11-10,64924.3533
2021-11-11,64818.75
2021-11-12,64142.9817
2021-11-13,64410.975
2021-11-14,65495.3183
2021-11-15,63599.7467
2021-11-16,60112.9583
2021-11-17,60364.085
2021-11-18,56925.4283
2021-11-19,58121.7817
2021-11-20,59763.9583
2021-11-21,58689.5383
2021-11-22,56290.1683
2021-11-23,57594.305
2021-11-24,57172.54
2021-11-25,58999.1183
2021-11-26,53798.905
2021-11-27,54772.275
2021-11-28,57319.5733
2021-11-29,57834.505
2021-11-30,56974.035
2021-12-01,57238.6217
2021-12-02,56522.1483
2021-12-03,53671.99
2021-12-04,49247.4233
2021-12-05,49454.1033
2021-12-06,50516.595
2021-12-07,50631.1267
2021-12-08,50510.235
2021-12-09,47591.0267
2021-12-10,47176.7617
2021-12-11,49388.085
2021-12-12,50105.7917
2021-12-13,46735.5167
2021-12-14,48385.125
2021-12-15,48886.06
2021-12-16,47645.4233
2021-12-17,46171.715
2021-12-18,46863.7717
2021-12-19,46695.385
2021-12-20,46913.6417
2021-12-21,48923.3067
2021-12-22,48620.5417
2021-12-23,50832.2517
2021-12-24,50831.9433
2021-12-25,50436.6433
2021-12-26,50796.875
2021-12-27,50696.565
2021-12-28,47549.8233
2021-12-29,46470.69
2021-12-30,47138.0417
2021-12-31,46206.1767
2022-01-01,47742.995
2022-01-02,47310.9233
2022-01-03,46448.0367
2022-01-04,45837.3333
2022-01-05,43430.7067
2022-01-06,43098.685
2022-01-07,41541.2233
2022-01-08,41689.195
2022-01-09,41864.1067
2022-01-10,41838.4617
2022-01-11,42744.29
2022-01-12,43921.2833
2022-01-13,42577.1583
2022-01-14,43095.525
2022-01-15,43096.105
2022-01-16,43091.2567
2022-01-17,42224.7167
2022-01-18,42373.6817
2022-01-19,41676.665
2022-01-20,40705.4417
2022-01-21,36462.6283
2022-01-22,35085.14
2022-01-23,36286.2217
2022-01-24,36703.22
2022-01-25,36981.4917
2022-01-26,36828.1
2022-01-27,37194.41
2022-01-28,37740.7367
2022-01-29,38186.37
2022-01-30,37915.8983
2022-01-31,38499.2683
2022-02-01,38718.8067
2022-02-02,36918.195
2022-02-03,37339.93
2022-02-04,41580.4283
2022-02-05,41420.2367
2022-02-06,42414.5633
2022-02-07,43868.43
2022-02-08,44080.5583
2022-02-09,44427.395
2022-02-10,43529.695
2022-02-11,42404.5383
2022-02-12,42235.445
2022-02-13,42076.9183
2022-02-14,42551.44
2022-02-15,44573.1483
2022-02-16,43900.745
2022-02-17,40558.95
2022-02-18,40016.7933
2022-02-19,40116.055
2022-02-20,38411.1083
2022-02-21,37042.7233
2022-02-22,38273.0417
2022-02-23,37274.8567
2022-02-24,38357.1617
2022-02-25,39233.7383
2022-02-26,39138.3683
2022-02-27,37721.3933
2022-02-28,43197.5817
2022-03-01,44438.34
2022-03-02,43931.7
2022-03-03,42476.5117
2022-03-04,39165.255
2022-03-05,39411.1383
2022-03-06,38426.475
2022-03-07,38012.92
2022-03-08,38753.6467
2022-03-09,41957.5333
2022-03-10,39439.1533
2022-03-11,38739.66
2022-03-12,38814.2817
2022-03-13,37788.0583
2022-03-14,39691.7917
2022-03-15,39310.215
2022-03-16,41134.125
2022-03-17,40945.165
2022-03-18,41778.7817
2022-03-19,42228.0883
2022-03-20,41276.2617
2022-03-21,41037.885
2022-03-22,42375.065
2022-03-23,42540.7775
2022-03-24,43921.275
2022-03-25,44360.5
2022-03-26,44350.51
2022-03-27,46631.25
2022-03-28,48173.2
2022-03-29,47384.5
2022-03-30,47151.5
2022-03-31,46318.5625
2022-04-01,46154.5
2022-04-02,46321.275
2022-04-03,46571.355
2022-04-04,45701.5475
2022-04-05,45809.58
2022-04-06,44106.255
2022-04-07,43600.0
2022-04-08,43090.215
2022-04-09,42459.5
2022-04-10,42726.0
2022-04-11,40865.25
2022-04-12,40617.5
2022-04-13,39888.5
2022-04-14,41023.5
2022-04-15,40310.5
2022-04-16,40411.5
2022-04-17,40339.5
2022-04-18,39036.355
2022-04-19,40661.67
2022-04-20,41440.0
2022-04-21,41931.0
2022-04-22,39494.5
2022-04-23,39732.605
2022-04-24,39605.645
2022-04-25,39111.5
2022-04-26,39971.98
2022-04-27,39043.5
2022-04-28,39627.555
2022-04-29,39158.385
2022-04-30,38617.0
2022-05-01,37923.8125
2022-05-02,38913.875
2022-05-03,38580.5
2022-05-04,38368.5
2022-05-05,39690.5
2022-05-06,36469.28
2022-05-07,35933.5
2022-05-08,34637.3075
2022-05-09,33528.5
2022-05-10,32050.5
2022-05-11,31474.35
2022-05-12,27127.9625
2022-05-13,30219.84
2022-05-14,29378.75
2022-05-15,29817.5
2022-05-16,30376.445
2022-05-17,30160.5
2022-05-18,28665.89641
2022-05-19,30280.66904
2022-05-20,29162.98707
2022-05-21,29408.87086
2022-05-22,30262.62329
2022-05-23,29072.72522
2022-05-24,29630.97277
2022-05-25,29510.54361
2022-05-26,29183.47
2022-05-27,28582.68531
2022-05-28,29009.85695
2022-05-29,29446.52925
2022-05-30,31713.07729
2022-05-31,31776.50569
2022-06-01,29782.53788
2022-06-02,30432.56969
2022-06-03,29676.4
2022-06-04,29843.31385
2022-06-05,29894.43444
2022-06-06,31351.2078
2022-06-07,31107.383
2022-06-08,30184.13689
2022-06-09,30074.92028
2022-06-10,29058.55106
2022-06-11,28380.2
2022-06-12,26566.16594
2022-06-13,22445.5
2022-06-14,22114.84
2022-06-15,22559.16857
2022-06-16,20366.3
2022-06-17,20438.80493
2022-06-18,18958.2
2022-06-19,20559.13053
2022-06-20,20555.44
2022-06-21,20696.96
2022-06-22,19957.16212
2022-06-23,21100.45247
2022-06-24,21213.33587
2022-06-25,21481.63705
2022-06-26,21029.43175
2022-06-27,20705.62996
2022-06-28,20251.54412
2022-06-29,20086.2
2022-06-30,19923.5
2022-07-01,19245.22103
2022-07-02,19222.0
2022-07-03,19291.6597
2022-07-04,20209.90099
2022-07-05,20167.93058
2022-07-06,20542.7
2022-07-07,21628.97493
2022-07-08,21597.91482
2022-07-09,21582.13826
2022-07-10,20840.27386
2022-07-11,19945.77
2022-07-12,19307.9
2022-07-13,20233.6
2022-07-14,20574.51989
2022-07-15,20827.45681
2022-07-16,21198.91874
2022-07-17,20786.0
2022-07-18,22450.1
2022-07-19,23401.62791
2022-07-20,23220.29169
2022-07-21,23154.17819
2022-07-22,22689.0
2022-07-23,22459.2626
2022-07-24,22587.44453
2022-07-25,21304.33565
2022-07-26,21264.99925
2022-07-27,22962.29
2022-07-28,23858.7
2022-07-29,23776.80871
2022-07-30,23646.32265
2022-07-31,23319.78883
2022-08-01,23293.0
2022-08-02,22996.73076
2022-08-03,22830.41131
2022-08-04,22619.65533
2022-08-05,23320.81
2022-08-06,22955.7
2022-08-07,23178.33
2022-08-08,23819.91197
2022-08-09,23157.26573
2022-08-10,23962.57579
2022-08-11,23947.68024
2022-08-12,24412.92026
2022-08-13,24446.47552
2022-08-14,24313.45985
2022-08-15,24105.05593
2022-08-16,23861.91561
2022-08-17,23336.2
2022-08-18,23197.29364
2022-08-19,20834.21478
2022-08-20,21141.36777
2022-08-21,21515.5
2022-08-22,21405.65412
2022-08-23,21522.46927
2022-08-24,21367.86688
2022-08-25,21573.0
2022-08-26,20248.02165
2022-08-27,20034.81498
2022-08-28,19547.27475
2022-08-29,20296.67432
2022-08-30,19806.5
2022-08-31,20050.91792
2022-09-01,20127.8
2022-09-02,19957.86542
2022-09-03,19836.08495
2022-09-04,20001.22695
2022-09-05,19792.98191
2022-09-06,18791.03287
2022-09-07,19284.39996
2022-09-08,19323.465
2022-09-09,21373.17658
2022-09-10,21661.33523
2022-09-11,21841.00517
2022-09-12,22400.9266
2022-09-13,20173.89217
2022-09-14,20230.23096
2022-09-15,19701.33938
2022-09-16,19799.5503
2022-09-17,20115.74971
2022-09-18,19417.73
2022-09-19,19540.0
2022-09-20,18877.595
2022-09-21,18469.2
2022-09-22,19405.19522
2022-09-23,19290.94228
2022-09-24,18924.59671
2022-09-25,18801.5
2022-09-26,19225.36087
2022-09-27,19082.96139
2022-09-28,19409.99255
2022-09-29,19592.71899
2022-09-30,19425.0
2022-10-01,19314.55974
2022-10-02,19055.97613
2022-10-03,19633.94346
2022-10-04,20345.30387
2022-10-05,20164.08642
2022-10-06,19963.61057
2022-10-07,19533.24035
2022-10-08,19418.10835
2022-10-09,19444.95305
2022-10-10,19133.43144
2022-10-11,19056.71943
2022-10-12,19155.16559
2022-10-13,19381.79155
2022-10-14,19183.0
2022-10-15,19068.93546
2022-10-16,19264.80199
2022-10-17,19550.03855
2022-10-18,19330.32321
2022-10-19,19124.53073
2022-10-20,19043.79964
2022-10-21,19165.75373
2022-10-22,19208.23734
2022-10-23,19569.9
2022-10-24,19332.21934
2022-10-25,20088.48324
2022-10-26,20775.0
2022-10-27,20291.92791
2022-10-28,20601.20669
2022-10-29,20821.15155
2022-10-30,20629.08846
2022-10-31,20492.31189
2022-11-01,20480.13039
2022-11-02,20151.04879
2022-11-03,20208.04448
2022-11-04,21148.93289
2022-11-05,21298.77505
2022-11-06,20910.8
2022-11-07,20592.43148
2022-11-08,18543.89992
2022-11-09,15869.02759
2022-11-10,17552.29763
2022-11-11,17003.32025
2022-11-12,16772.66433
2022-11-13,16303.49768
2022-11-14,16589.40408
2022-11-15,16877.08473
2022-11-16,16652.51718
2022-11-17,16680.75
2022-11-18,16679.89711
2022-11-19,16684.5414
2022-11-20,16256.82106
2022-11-21,15759.89697
2022-11-22,16195.47466
2022-11-23,16595.25962
2022-11-24,16591.70667
2022-11-25,16506.84247
2022-11-26,16449.7547
2022-11-27,16421.33824
2022-11-28,16207.13384
2022-11-29,16433.57324
2022-11-30,17166.48737
2022-12-01,16977.35854
2022-12-02,17093.09131
2022-12-03,16886.43014
2022-12-04,17110.61557
2022-12-05,16966.43119
2022-12-06,17087.00701
2022-12-07,16838.2947
2022-12-08,17227.22503
2022-12-09,17128.94097
2022-12-10,17127.41948
2022-12-11,17093.70682
2022-12-12,17209.43961
2022-12-13,17774.49934
2022-12-14,17802.999
2022-12-15,17359.11324
2022-12-16,16630.36744
2022-12-17,16781.43981
2022-12-18,16742.16426
2022-12-19,16440.9136
2022-12-20,16900.82413
2022-12-21,16827.11535
2022-12-22,16815.75337
2022-12-23,16778.66756
2022-12-24,16836.94616
2022-12-25,16829.10367
2022-12-26,16915.43748
2022-12-27,16698.95841
2022-12-28,16539.66
2022-12-29,16628.8
2022-12-30,16600.24646
2022-12-31,16526.98102
2023-01-01,16613.89083
2023-01-02,16668.2
2023-01-03,16668.96473
2023-01-04,16845.73813
2023-01-05,16825.18713
2023-01-06,16948.17151
2023-01-07,16941.96116
2023-01-08,17122.12
2023-01-09,17179.57164
2023-01-10,17442.10185
2023-01-11,17941.07309
2023-01-12,18848.84228
2023-01-13,19927.32958
2023-01-14,20953.82065
2023-01-15,20879.01343
2023-01-16,21187.25292
2023-01-17,21135.03261
2023-01-18,20674.77082
2023-01-19,21082.96124
2023-01-20,22677.58427
2023-01-21,22781.17371
2023-01-22,22715.17481
2023-01-23,22919.26958
2023-01-24,22635.12959
2023-01-25,23050.40426
2023-01-26,23010.76394
2023-01-27,23080.00335
2023-01-28,23028.70647
2023-01-29,23749.93811
2023-01-30,22835.1
2023-01-31,23132.09692
2023-02-01,23730.58964
2023-02-02,23485.06158
2023-02-03,23436.18036
2023-02-04,23333.55121
2023-02-05,22941.48966
2023-02-06,22764.07
2023-02-07,23252.25708
2023-02-08,22963.91
2023-02-09,21798.17507
2023-02-10,21636.89653
2023-02-11,21864.97648
2023-02-12,21788.61984
2023-02-13,21788.90578
2023-02-14,22207.53373
2023-02-15,24332.63365
2023-02-16,23522.0
2023-02-17,24576.00019
2023-02-18,24637.9055
2023-02-19,24287.2
2023-02-20,24840.35532
2023-02-21,24452.18354
2023-02-22,24186.6
2023-02-23,23941.32
2023-02-24,23189.86957
2023-02-25,23166.13358
2023-02-26,23560.21317
2023-02-27,23492.90523
2023-02-28,23132.48329
2023-03-01,23637.7048
2023-03-02,23467.28064
2023-03-03,22358.51539
2023-03-04,22348.19108
2023-03-05,22429.09387
2023-03-06,22406.66561
2023-03-07,22197.59233
2023-03-08,21699.68752
2023-03-09,20366.52188
2023-03-10,20227.61709
2023-03-11,20622.07546
2023-03-12,22195.09817
2023-03-13,24206.46957
2023-03-14,24768.10313
2023-03-15,24371.14578
2023-03-16,25050.09916
2023-03-17,27450.70551
2023-03-18,26978.28003
2023-03-19,28047.35
2023-03-20,27817.41239
2023-03-21,28195.74179
2023-03-22,27324.89112
2023-03-23,28348.75506
2023-03-24,27491.31732
2023-03-25,27494.84
2023-03-26,28000.0
2023-03-27,27149.19015
2023-03-28,27275.46335
2023-03-29,28355.28591
2023-03-30,28040.84229
2023-03-31,28478.0
2023-04-01,28469.08121
2023-04-02,28191.12728
2023-04-03,27811.22132
2023-04-04,28179.27063
2023-04-05,28182.54651
2023-04-06,28049.55718
2023-04-07,27927.94776
2023-04-08,27959.33182
2023-04-09,28342.54886
2023-04-10,29657.36154
2023-04-11,30231.51536
2023-04-12,29905.16081
2023-04-13,30410.11068
2023-04-14,30492.82653
2023-04-15,30325.15089
2023-04-16,30328.22523
2023-04-17,29448.06715
2023-04-18,30393.42414
2023-04-19,28832.68343
2023-04-20,28246.31253
2023-04-21,27263.02294
2023-04-22,27819.01769
2023-04-23,27596.11349
2023-04-24,27519.25011
2023-04-25,28308.41522
2023-04-26,28429.98648
2023-04-27,29486.66423
2023-04-28,29341.1897
2023-04-29,29250.0009
2023-04-30,29232.86848
2023-05-01,28086.40161
2023-05-02,28679.93035
2023-05-03,29034.9544
2023-05-04,28855.17224
2023-05-05,29539.61943
2023-05-06,28906.72841
2023-05-07,28461.0
2023-05-08,27695.45747
2023-05-09,27645.45784
2023-05-10,27622.63801
2023-05-11,26995.7452
2023-05-12,26805.47412
2023-05-13,26789.54302
2023-05-14,26930.73193
2023-05-15,27179.55108
2023-05-16,27036.60787
2023-05-17,27402.84582
2023-05-18,26823.12
2023-05-19,26887.8507
2023-05-20,27119.26
2023-05-21,26755.08659
2023-05-22,26854.60471
2023-05-23,27224.21453
2023-05-24,26328.31307
2023-05-25,26480.65504
2023-05-26,26718.32989
2023-05-27,26870.65974
2023-05-28,28080.73389
2023-05-29,27746.10125
2023-05-30,27702.41769
2023-05-31,27217.56051
2023-06-01,26822.02107
2023-06-02,27252.03765
2023-06-03,27077.38872
2023-06-04,27126.03435
2023-06-05,25737.47817
2023-06-06,27240.64626
2023-06-07,26349.27599
2023-06-08,26507.27924
2023-06-09,26483.60657
2023-06-10,25855.53594
2023-06-11,25933.60703
2023-06-12,25903.77667
2023-06-13,25923.56186
2023-06-14,25125.78805
2023-06-15,25572.38627
2023-06-16,26327.49264
2023-06-17,26509.17601
2023-06-18,26335.63203
2023-06-19,26839.61
2023-06-20,28316.80203
2023-06-21,29996.13237
2023-06-22,29896.23637
2023-06-23,30699.75556
2023-06-24,30548.09843
2023-06-25,30471.72441
2023-06-26,30273.06179
2023-06-27,30698.19401
2023-06-28,30080.57522
2023-06-29,30445.2663
2023-06-30,30472.71988
2023-07-01,30587.88586
2023-07-02,30616.11403
2023-07-03,31156.03479
2023-07-04,30774.67029
2023-07-05,30502.54439
2023-07-06,29912.37783
2023-07-07,30348.09277
2023-07-08,30291.68
2023-07-09,30170.20388
2023-07-10,30418.60902
2023-07-11,30625.65661
2023-07-12,30384.79619
2023-07-13,31471.82
2023-07-14,30328.5
2023-07-15,30298.21989
2023-07-16,30246.33541
2023-07-17,30144.74309
2023-07-18,29862.90914
2023-07-19,29916.6814
2023-07-20,29807.2327
2023-07-21,29909.82362
2023-07-22,29776.17007
2023-07-23,30081.61
2023-07-24,29178.93219
2023-07-25,29224.1783
2023-07-26,29348.24198
2023-07-27,29213.40068
2023-07-28,29314.2
2023-07-29,29357.34143
2023-07-30,29279.42223
2023-07-31,29230.36123
2023-08-01,29703.57863
2023-08-02,29161.89975
2023-08-03,29178.64346
2023-08-04,29077.31718
2023-08-05,29047.12
2023-08-06,29040.74579
2023-08-07,29180.61974
2023-08-08,29770.06638
2023-08-09,29564.4123
2023-08-10,29426.2479
2023-08-11,29399.73875
2023-08-12,29415.66678
2023-08-13,29278.44225
2023-08-14,29406.96804
2023-08-15,29171.46077
2023-08-16,28700.03978
2023-08-17,26640.60937
2023-08-18,26048.15547
2023-08-19,26092.93384
2023-08-20,26189.68564
2023-08-21,26124.15429
2023-08-22,26040.4
2023-08-23,26429.18589
2023-08-24,26160.0
2023-08-25,26048.63342
2023-08-26,26008.15277
2023-08-27,26090.35189
2023-08-28,26105.14512
2023-08-29,27724.10237
2023-08-30,27303.02477
2023-08-31,25929.54329
2023-09-01,25799.23382
2023-09-02,25866.27543
2023-09-03,25971.36228
2023-09-04,25817.01261
2023-09-05,25783.27032
2023-09-06,25750.29263
2023-09-07,26251.08408
2023-09-08,25906.3156
2023-09-09,25895.67731
2023-09-10,25833.04137
2023-09-11,25154.88407
2023-09-12,25840.3781
2023-09-13,26227.62904
2023-09-14,26532.76517
2023-09-15,26606.33507
2023-09-16,26567.68918
2023-09-17,26531.87541
2023-09-18,26764.47861
2023-09-19,27216.30712
2023-09-20,27126.41023
2023-09-21,26565.56683
2023-09-22,26578.59968
2023-09-23,26571.11373
2023-09-24,26252.51472
2023-09-25,26295.76822
2023-09-26,26209.26764
2023-09-27,26355.88404
2023-09-28,27025.84513
2023-09-29,26909.29364
2023-09-30,26964.27965
2023-10-01,27975.86556
2023-10-02,27510.47837
2023-10-03,27430.03328
2023-10-04,27793.86103
2023-10-05,27410.52745
2023-10-06,27949.54017
2023-10-07,27975.9767
2023-10-08,27937.08635
2023-10-09,27586.73928
2023-10-10,27394.21962
2023-10-11,26869.78258
2023-10-12,26753.47783
2023-10-13,26863.2714
2023-10-14,26854.17983
2023-10-15,27178.03564
2023-10-16,28517.64432
2023-10-17,28411.12763
2023-10-18,28328.1401
2023-10-19,28733.32499
2023-10-20,29683.88576
2023-10-21,29922.26937
2023-10-22,29994.43974
2023-10-23,33072.57898
2023-10-24,33911.1057
2023-10-25,34497.8311
2023-10-26,34158.41449
2023-10-27,33911.58938
2023-10-28,34091.12179
2023-10-29,34531.43057
2023-10-30,34493.32277
2023-10-31,34659.90503
2023-11-01,35436.84653
2023-11-02,34934.13984
2023-11-03,34730.31423
2023-11-04,35079.56957
2023-11-05,35044.48636
2023-11-06,35044.25801
2023-11-07,35433.97907
2023-11-08,35631.00942
2023-11-09,36703.00104
2023-11-10,37320.43197
2023-11-11,37149.68046
2023-11-12,37080.1564
2023-11-13,36488.65982
2023-11-14,35548.39506
2023-11-15,37884.3543
2023-11-16,36164.6845
2023-11-17,36614.9094
2023-11-18,36587.19645
2023-11-19,37382.9555
2023-11-20,37479.74763
2023-11-21,35787.93086
2023-11-22,37427.18768
2023-11-23,37297.91757
2023-11-24,37738.5112
2023-11-25,37805.63799
2023-11-26,37470.96117
2023-11-27,37248.96067
2023-11-28,37834.14847
2023-11-29,37861.84651
2023-11-30,37713.80926
2023-12-01,38701.60645
2023-12-02,39473.79954
2023-12-03,39981.83951
2023-12-04,41986.80368
2023-12-05,44084.90158
2023-12-06,43772.71791
2023-12-07,43296.34522
2023-12-08,44190.31297
2023-12-09,43729.68849
2023-12-10,43783.69084
2023-12-11,41233.89666
2023-12-12,41467.65449
2023-12-13,42886.8122
2023-12-14,43030.62989
2023-12-15,41924.37594
2023-12-16,42237.9171
2023-12-17,41344.39184
2023-12-18,42649.13604
2023-12-19,42260.58812
2023-12-20,43656.85392
2023-12-21,43872.99775
2023-12-22,44000.16742
2023-12-23,43732.76563
2023-12-24,43005.98071
2023-12-25,43590.85243
2023-12-26,42516.50955
2023-12-27,43466.40956
2023-12-28,42595.27393
2023-12-29,42074.83023
2023-12-30,42150.71291
2023-12-31,42260.76203
2024-01-01,44184.37256
2024-01-02,44959.02891
2024-01-03,42844.17722
2024-01-04,44194.00428
2024-01-05,44170.59524
2024-01-06,43977.95829
2024-01-07,43939.20084
2024-01-08,46983.995
2024-01-09,46131.23807
2024-01-10,46659.48273
2024-01-11,46360.18776
2024-01-12,42834.09457
2024-01-13,42842.69869
2024-01-14,41730.31504
2024-01-15,42492.61966
2024-01-16,43136.00986
2024-01-17,42739.14687
2024-01-18,41267.40877
2024-01-19,41621.36627
2024-01-20,41664.57965
2024-01-21,41552.2154
2024-01-22,39513.39507
2024-01-23,39865.80069
2024-01-24,40076.60576
2024-01-25,39924.09308
2024-01-26,41808.39995
2024-01-27,42122.02701
2024-01-28,42027.1811
2024-01-29,43292.07243
2024-01-30,42945.01495
2024-01-31,42562.80681
2024-02-01,43069.9986
2024-02-02,43181.48228
2024-02-03,42993.94288
2024-02-04,42567.63356
2024-02-05,42663.4553
2024-02-06,43085.03133
2024-02-07,44336.00796
2024-02-08,45307.88669
2024-02-09,47144.07698
2024-02-10,47769.2949
2024-02-11,48296.5332
2024-02-12,49954.53686
2024-02-13,49732.08691
2024-02-14,51832.41633
2024-02-15,51939.37076
2024-02-16,52162.94287
2024-02-17,51672.07022
2024-02-18,52130.26827
2024-02-19,51788.77544
2024-02-20,52277.86003
2024-02-21,51854.42917
2024-02-22,51269.48069
2024-02-23,50737.21578
2024-02-24,51567.44635
2024-02-25,51722.89506
2024-02-26,54527.14621
2024-02-27,57078.21078
2024-02-28,62518.03131
2024-02-29,61188.54069
2024-03-01,62432.56577
2024-03-02,62041.94737
2024-03-03,63157.87599
2024-03-04,68372.50912
2024-03-05,63845.96989
2024-03-06,66115.21978
2024-03-07,66939.9306
2024-03-08,68294.99836
2024-03-09,68485.29362
2024-03-10,69029.15969
2024-03-11,72113.88954
2024-03-12,71490.29682
2024-03-13,73115.07666
2024-03-14,71373.85819
2024-03-15,69446.62546
2024-03-16,65265.69067
2024-03-17,68348.45838
2024-03-18,67600.02587
2024-03-19,61974.9232
2024-03-20,67869.99595
2024-03-21,65482.24143
2024-03-22,63807.10347
2024-03-23,64018.53772
2024-03-24,67207.77248
2024-03-25,69913.24246
2024-03-26,69998.13372
2024-03-27,69414.66266
2024-03-28,70777.24624
2024-03-29,69902.83484
2024-03-30,69642.5137
2024-03-31,71325.084
2024-04-01,69696.15197
2024-04-02,65454.02683
2024-04-03,65989.82612
2024-04-04,68525.80441
2024-04-05,67856.22154
2024-04-06,68905.61944
2024-04-07,69362.34319
2024-04-08,71629.77914
2024-04-09,69128.98074
2024-04-10,70608.72841
2024-04-11,70029.4652
2024-04-12,67182.35091
2024-04-13,63998.31148
2024-04-14,65768.17342
2024-04-15,63433.90592
2024-04-16,63823.89974
2024-04-17,61272.77691
2024-04-18,63509.10427
2024-04-19,63826.87571
2024-04-20,64976.53229
2024-04-21,64948.4343
2024-04-22,66853.85958
2024-04-23,66415.03791
2024-04-24,64263.0916
2024-04-25,64486.63775
2024-04-26,63745.53101
2024-04-27,63419.90823
2024-04-28,63099.55212
2024-04-29,63831.19062
2024-04-30,60619.02141
2024-05-01,58263.57361
2024-05-02,59114.41186
2024-05-03,62894.33671
2024-05-04,63900.14248
2024-05-05,64020.02505
2024-05-06,63161.33697
2024-05-07,62322.28907
2024-05-08,61183.02014
2024-05-09,63068.49708
2024-05-10,60786.80821
2024-05-11,60805.77737
2024-05-12,61449.04218
2024-05-13,62922.89087
2024-05-14,61545.79567
2024-05-15,66248.56565
2024-05-16,65241.13027
2024-05-17,67053.47418
2024-05-18,66934.05503
2024-05-19,66273.63742
2024-05-20,71423.21722
2024-05-21,70135.74714
2024-05-22,69121.00682
2024-05-23,67938.27397
2024-05-24,68533.79146
2024-05-25,69275.03142
2024-05-26,68490.76991
2024-05-27,69377.83499
2024-05-28,68313.08187
2024-05-29,67572.04492
2024-05-30,68344.56386
2024-05-31,67476.56682
2024-06-01,67722.21421
2024-06-02,67744.42035
2024-06-03,68797.7581
2024-06-04,70555.76716
2024-06-05,71096.41905
2024-06-06,70775.22389
2024-06-07,69327.7972
2024-06-08,69306.45585
2024-06-09,69643.98853
2024-06-10,69514.2503
2024-06-11,67319.27731
2024-06-12,68245.07829
2024-06-13,66740.81985
2024-06-14,66004.70036
2024-06-15,66187.96649
2024-06-16,66638.04298
2024-06-17,66484.1491
2024-06-18,65143.1963
2024-06-19,64953.80307
2024-06-20,64825.77998
2024-06-21,64106.59627
2024-06-22,64242.27629
2024-06-23,63166.05071
2024-06-24,60268.80661
2024-06-25,61793.72779
2024-06-26,60812.57011
2024-06-27,61615.06945
2024-06-28,60314.95148
2024-06-29,60887.22932
2024-06-30,62677.90628
2024-07-01,62847.96217
2024-07-02,62030.70207
2024-07-03,60146.64177
2024-07-04,57020.60532
2024-07-05,56644.68816
2024-07-06,58261.40584
2024-07-07,55860.28805
2024-07-08,56708.86215
2024-07-09,58019.17003
2024-07-10,57735.21556
2024-07-11,57341.02716
2024-07-12,57898.02049
2024-07-13,59223.91352
2024-07-14,60810.78627
2024-07-15,64794.96786
2024-07-16,65089.06833
2024-07-17,64096.63569
2024-07-18,63970.08441
2024-07-19,66711.00336
2024-07-20,67166.89068
2024-07-21,68161.45671
2024-07-22,67575.99337
2024-07-23,65938.24651
2024-07-24,65373.91254
2024-07-25,65789.36038
2024-07-26,67917.44189
2024-07-27,67872.22377
2024-07-28,68256.79318
2024-07-29,66803.80663
2024-07-30,66175.24367
2024-07-31,64619.95653
2024-08-01,65316.42278
2024-08-02,61417.77662
2024-08-03,60672.58843
2024-08-04,58124.73679
2024-08-05,53985.37319
2024-08-06,56070.10893
2024-08-07,55079.24497
2024-08-08,61705.27408
2024-08-09,60869.53437
2024-08-10,60933.73267
2024-08-11,58720.53473
2024-08-12,59356.22119
2024-08-13,60608.51648
2024-08-14,58719.35186
2024-08-15,57531.32104
2024-08-16,58885.952
2024-08-17,59489.85189
2024-08-18,58453.88062
2024-08-19,59490.03881
2024-08-20,59018.21041
2024-08-21,61168.53294
2024-08-22,60376.4839
2024-08-23,64090.3888
2024-08-24,64182.02351
2024-08-25,64315.17849
2024-08-26,62865.25686
2024-08-27,59459.00941
2024-08-28,59028.92801
2024-08-29,59380.70148
2024-08-30,59110.05699
2024-08-31,58969.60293
2024-09-01,57315.0812
2024-09-02,59125.55673
2024-09-03,57467.23741
2024-09-04,57966.64914
2024-09-05,56161.86685
2024-09-06,53950.66652
2024-09-07,54157.67607
2024-09-08,54853.46923
2024-09-09,57056.09442
2024-09-10,57643.24668
2024-09-11,57343.47122
2024-09-12,58138.28716
2024-09-13,60557.60426
2024-09-14,60010.67812
2024-09-15,59149.05464
2024-09-16,58202.82498
2024-09-17,60318.83635
2024-09-18,61763.73135
2024-09-19,62954.49734
2024-09-20,63205.4388
2024-09-21,63362.76357
2024-09-22,63613.02332
2024-09-23,63334.10853
2024-09-24,64270.80163
2024-09-25,63142.54731
2024-09-26,65183.14548
2024-09-27,65787.24893
2024-09-28,65880.05869
2024-09-29,65626.54529
2024-09-30,63330.89108
2024-10-01,60833.46752
2024-10-02,60637.1878
2024-10-03,60747.13351
2024-10-04,62071.21141
2024-10-05,62076.34005
2024-10-06,62819.8706
2024-10-07,62231.43553
2024-10-08,62132.14132
2024-10-09,60585.45667
2024-10-10,60276.12792
2024-10-11,62480.94579
2024-10-12,63195.27143
2024-10-13,62853.8763
2024-10-14,66064.19045
2024-10-15,67065.35421
2024-10-16,67613.86552
2024-10-17,67402.02421
2024-10-18,68421.00676
2024-10-19,68364.79198
2024-10-20,69011.62015
2024-10-21,67350.40442
2024-10-22,67389.214
2024-10-23,66633.36953
2024-10-24,68166.35396
2024-10-25,66624.71303
2024-10-26,67014.06304
2024-10-27,67926.10489
2024-10-28,69922.89513
2024-10-29,72723.75737
2024-10-30,72339.6613
2024-10-31,70215.18571
2024-11-01,69486.53674
2024-11-02,69309.43833
2024-11-03,68742.99327
2024-11-04,67813.59275
2024-11-05,69374.42532
2024-11-06,75643.5068
2024-11-07,75914.11056
2024-11-08,76567.38965
2024-11-09,76734.39063
2024-11-10,80436.20484
2024-11-11,88764.47085
2024-11-12,88076.56214
2024-11-13,90528.018
2024-11-14,87284.81214
2024-11-15,91064.51843
2024-11-16,90577.20027
2024-11-17,89858.78028
2024-11-18,90535.93085
2024-11-19,92346.92361
2024-11-20,94371.95112
2024-11-21,98476.43937
2024-11-22,99012.29464
2024-11-23,97788.80478
2024-11-24,98038.21887
2024-11-25,93031.00298
2024-11-26,91912.25517
2024-11-27,95963.23447
2024-11-28,95667.55362
2024-11-29,97496.17472
2024-11-30,96458.59854
2024-12-01,97281.41937
2024-12-02,95860.12494
2024-12-03,95949.52974
2024-12-04,98753.86524
2024-12-05,97076.46401
2024-12-06,99914.33479
2024-12-07,99918.91155
2024-12-08,101199.8913
2024-12-09,97425.622
2024-12-10,96672.53373
2024-12-11,101195.554
2024-12-12,100040.25
2024-12-13,101436.8784
2024-12-14,101394.6797
2024-12-15,104385.5273
2024-12-16,106083.9396
2024-12-17,106172.7563
2024-12-18,100168.0599
2024-12-19,97410.95079
2024-12-20,97767.43764
2024-12-21,97208.01922
2024-12-22,95097.2763
2024-12-23,94736.29064
2024-12-24,98619.69599
2024-12-25,99324.47975
2024-12-26,95700.4411
2024-12-27,94157.95435
2024-12-28,95140.01655
2024-12-29,93546.52325
2024-12-30,92642.25413
2024-12-31,93412.17927
2025-01-01,94388.336
2025-01-02,96897.88472
2025-01-03,98119.63843
2025-01-04,98229.27054
2025-01-05,98333.9715
2025-01-06,102279.7877
2025-01-07,96921.30834
2025-01-08,95055.19476
2025-01-09,92523.39369
2025-01-10,94705.65883
2025-01-11,94555.89033
2025-01-12,94459.35484
2025-01-13,94516.17507
2025-01-14,96517.58358
2025-01-15,100513.2612
2025-01-16,99979.02012
2025-01-17,104115.3746
2025-01-18,104419.1344
2025-01-19,101223.9575
2025-01-20,102083.6404
2025-01-21,106155.4061
2025-01-22,103646.6693
2025-01-23,103934.2518
2025-01-24,104858.0632
2025-01-25,104731.0525
2025-01-26,102600.5198
2025-01-27,102085.0627
2025-01-28,101310.9277
2025-01-29,103734.3631
2025-01-30,104734.893
2025-01-31,102407.5357
2025-02-01,100624.696
2025-02-02,97664.19429
2025-02-03,101425.7469
2025-02-04,97832.65978
2025-02-05,96613.88109
2025-02-06,98179.08428
2025-02-07,96564.27
2025-02-08,96532.73
2025-02-09,96475.59
2025-02-10,96485.6
2025-02-11,97458.59
2025-02-12,95781.05
2025-02-13,97874.61
2025-02-14,96632.78
2025-02-15,97508.71
2025-02-16,97596.21
2025-02-17,96132.69
2025-02-18,95790.31
2025-02-19,95630.67
2025-02-20,96640.99
2025-02-21,98345.66
2025-02-22,96150.27
2025-02-23,96580.46
2025-02-24,96274.12
2025-02-25,91536.97
2025-02-26,88609.26
2025-02-27,84128.38
2025-02-28,84657.34
2025-03-01,84322.57
2025-03-02,86050.58
2025-03-03,94275.76
2025-03-04,86158.95
2025-03-05,87255.42
2025-03-06,90610.8
2025-03-07,89931.91
2025-03-08,86766.61
2025-03-09,86225.0
2025-03-10,80719.05
2025-03-11,78561.62
2025-03-12,82919.47
2025-03-13,83665.14
2025-03-14,81081.43
2025-03-15,83995.47
2025-03-16,84355.92
2025-03-17,82572.37
2025-03-18,84025.12
2025-03-19,82716.74
2025-03-20,86878.5
2025-03-21,84178.31
2025-03-22,84060.48
2025-03-23,83837.39
2025-03-24,86091.67
2025-03-25,87520.48
2025-03-26,87439.7
2025-03-27,86923.95
2025-03-28,87218.89
2025-03-29,84387.01
2025-03-30,82625.65
2025-03-31,82379.51
2025-04-01,82539.52
2025-04-02,85174.96
2025-04-03,82490.58
2025-04-04,83158.8
2025-04-05,83860.21
2025-04-06,83503.37
2025-04-07,78365.57
2025-04-08,79143.06
2025-04-09,76255.1
2025-04-10,82587.03
2025-04-11,79554.96
2025-04-12,83386.0
2025-04-13,85272.12
2025-04-14,83730.92
2025-04-15,84575.75
2025-04-16,83638.17
2025-04-17,84029.4
2025-04-18,84943.42
2025-04-19,84459.96
2025-04-20,85061.54
2025-04-21,85167.14
2025-04-22,87515.57
2025-04-23,93483.3
2025-04-24,93729.23
2025-04-25,94022.48
2025-04-26,94711.24
2025-04-27,94663.66
2025-04-28,93777.44
2025-04-29,95035.06
2025-04-30,94274.16
2025-05-01,94186.14
2025-05-02,96519.31
2025-05-03,96925.07
2025-05-04,95903.14
2025-05-05,94394.09
2025-05-06,94767.95
2025-05-07,96835.87
2025-05-08,97052.27
2025-05-09,103259.0
2025-05-10,102982.3
2025-05-11,104814.08
2025-05-12,104124.02
2025-05-13,102802.44
2025-05-14,104136.59
2025-05-15,103543.76
2025-05-16,103787.64
2025-05-17,103499.6
2025-05-18,103159.32
2025-05-19,106488.62
2025-05-20,105618.19
2025-05-21,106875.88
2025-05-22,109699.86
2025-05-23,111722.11
2025-05-24,107332.91
2025-05-25,107779.46
2025-05-26,109041.44
2025-05-27,109461.24
2025-05-28,108975.95
2025-05-29,107821.11
2025-05-30,105586.78
2025-05-31,104039.27
2025-06-01,104654.65
2025-06-02,105702.19
2025-06-03,105908.79
2025-06-04,105447.66
2025-06-05,104746.0
2025-06-06,101580.61
2025-06-07,104392.54
2025-06-08,105625.23
2025-06-09,105779.28
2025-06-10,110302.12
2025-06-11,110296.2
2025-06-12,108676.78
2025-06-13,105726.04
2025-06-14,106121.08
2025-06-15,105481.13
2025-06-16,105625.23
2025-06-17,106855.39
2025-06-18,104598.68
2025-06-19,104927.87
2025-06-20,104699.72
2025-06-21,103313.31
2025-06-22,102165.68
2025-06-23,101015.42
2025-06-24,105423.73
2025-06-25,106133.25
2025-06-26,107399.88
2025-06-27,107012.17
2025-06-28,107105.16
2025-06-29,107346.44
2025-06-30,108391.87
2025-07-01,107169.82
2025-07-02,105724.18
2025-07-03,108886.62
2025-07-04,109638.97
2025-07-05,108027.71
2025-07-06,108244.51
2025-07-07,109233.93
2025-07-08,108277.16
2025-07-09,108955.05
2025-07-10,111291.7
2025-07-11,116023.34
2025-07-12,117573.92
2025-07-13,117468.16
2025-07-14,119127.66
2025-07-15,119869.01
2025-07-16,117777.9
2025-07-17,118700.37
2025-07-18,119282.74
2025-07-19,118025.92
2025-07-20,117913.27
2025-07-21,117328.61
2025-07-22,117441.75
2025-07-23,120023.5
2025-07-24,118808.78
2025-07-25,118397.33
2025-07-26,117644.11
2025-07-27,117971.27
2025-07-28,119468.71
2025-07-29,118059.92
2025-07-30,117942.11
2025-07-31,117853.3
2025-08-01,115765.36
2025-08-02,113263.48
2025-08-03,112546.32
2025-08-04,114238.83
2025-08-05,115065.9
2025-08-06,114127.63
2025-08-07,115038.45
2025-08-08,117522.28
2025-08-09,116692.86
2025-08-10,116501.28
2025-08-11,119311.7
2025-08-12,118714.58
2025-08-13,120128.24
2025-08-14,123374.56
2025-08-15,118391.59
2025-08-16,117440.09
2025-08-17,117469.52
2025-08-18,117488.0
2025-08-19,116292.15
2025-08-20,112870.67
2025-08-21,114291.37
2025-08-22,112491.84
2025-08-23,116909.79
2025-08-24,115391.76
2025-08-25,113486.67
2025-08-26,110150.15
2025-08-27,111805.93
2025-08-28,111276.98
2025-08-29,112582.21
2025-08-30,108393.15
2025-08-31,108833.53
2025-09-01,108273.72
2025-09-02,109256.28
2025-09-03,111245.94
2025-09-04,111751.51
2025-09-05,110732.33
2025-09-06,110676.99
2025-09-07,110230.16
2025-09-08,111143.24
2025-09-09,112089.06
2025-09-10,111549.14
2025-09-11,113988.2
2025-09-12,115537.84
2025-09-13,116116.26
2025-09-14,115971.92
2025-09-15,115351.87
2025-09-16,115401.06
2025-09-17,116838.31
2025-09-18,116488.17
2025-09-19,117126.46
2025-09-20,115701.97
2025-09-21,115756.07
2025-09-22,115299.83
2025-09-23,112747.85
2025-09-24,112043.66
2025-09-25,113360.69
2025-09-26,109061.11
2025-09-27,109723.94
2025-09-28,109727.42
2025-09-29,112226.65
2025-09-30,114407.08
2025-10-01,114078.18
2025-10-02,118666.73
2025-10-03,120630.71
2025-10-04,122318.86
2025-10-05,122455.39
2025-10-06,123535.21
2025-10-07,124723.0
2025-10-08,121414.53
2025-10-09,123358.65
2025-10-10,121713.94
2025-10-11,112998.91
2025-10-12,110779.65
2025-10-13,115084.73
2025-10-14,115279.04
2025-10-15,113097.76
2025-10-16,110819.47
2025-10-17,108212.4
2025-10-18,106485.41
2025-10-19,107228.76
2025-10-20,108701.79
2025-10-21,110583.29
2025-10-22,108387.11
2025-10-23,107604.16
2025-10-24,110114.95
2025-10-25,111046.29
2025-10-26,111671.84
2025-10-27,114559.89
2025-10-28,114115.08
2025-10-29,112930.68
2025-10-30,110064.53
2025-10-31,108326.41
2025-11-01,110005.3
2025-11-02,110389.17
2025-11-03,106495.8
2025-11-04,101349.74
2025-11-05,103915.88
2025-11-06,101241.57
2025-11-07,103428.47
2025-11-08,102335.02
2025-11-09,104685.55
2025-11-10,106082.48
2025-11-11,102974.41
2025-11-12,101682.13
2025-11-13,100035.31
2025-11-14,94502.55
2025-11-15,95541.32
2025-11-16,94182.31
2025-11-17,91911.47
2025-11-18,92836.44
2025-11-19,91320.48
2025-11-20,86911.3
2025-11-21,84948.05
2025-11-22,84775.0
2025-11-23,86872.45
2025-11-24,88377.6
2025-11-25,87434.55
2025-11-26,90449.28
2025-11-27,91336.2
2025-11-28,90990.13
2025-11-29,90842.07
2025-11-30,90607.7
2025-12-01,86504.64
2025-12-02,91528.02
2025-12-03,93609.09
2025-12-04,92205.59
2025-12-05,89279.83
2025-12-06,89169.56
2025-12-07,90067.85
2025-12-08,90673.14
2025-12-09,92808.85
2025-12-10,92102.93
2025-12-11,92623.72
2025-12-12,90331.61
2025-12-13,90245.27
2025-12-14,88096.38
2025-12-15,86352.58
2025-12-16,87752.43
2025-12-17,86059.55
2025-12-18,85434.19
2025-12-19,88168.07
2025-12-20,88292.45
2025-12-21,88533.43
2025-12-22,88474.46
2025-12-23,87365.99
2025-12-24,87625.67
2025-12-25,87231.3
2025-12-26,87334.81
2025-12-27,87695.42
2025-12-28,87747.65
2025-12-29,87133.51
2025-12-30,88428.49
2025-12-31,87516.98
2026-01-01,88684.22
2026-01-02,89940.18
2026-01-03,90598.13
2026-01-04,91359.76
2026-01-05,93948.58
2026-01-06,93574.29
2026-01-07,91208.96
2026-01-08,91096.92
2026-01-09,90539.6
2026-01-10,90406.14
2026-01-11,90717.21
2026-01-12,91141.15
2026-01-13,95304.5
2026-01-14,97043.99
2026-01-15,95546.14
2026-01-16,95489.13
2026-01-17,95106.98
2026-01-18,94261.33
2026-01-19,92526.24
2026-01-20,88236.56
2026-01-21,89599.36
2026-01-22,89395.7
2026-01-23,89439.77
2026-01-24,89185.04
2026-01-25,86445.67
2026-01-26,88337.45
2026-01-27,89260.38
2026-01-28,89177.79
2026-01-29,84520.4
2026-01-30,84017.03
2026-01-31,78702.39
2026-02-01,76911.05
2026-02-02,78716.6
2026-02-03,75684.77
2026-02-04,73095.19
2026-02-05,63494.69
2026-02-06,70647.7
2026-02-07,69166.26
2026-02-08,70522.59
2026-02-09,70244.1
2026-02-10,68688.79
2026-02-11,66989.72
2026-02-12,66221.54
2026-02-13,68860.84
2026-02-14,69798.08
2026-02-15,68629.96
2026-02-16,68747.44
2026-02-17,67471.05
2026-02-18,66380.71
2026-02-19,66932.35
2026-02-20,67977.31
2026-02-21,68020.67
2026-02-22,67550.02
2026-02-23,64689.91
2026-02-24,64123.75
2026-02-25,68038.52
2026-02-26,67519.26
2026-02-27,65864.14
2026-02-28,66965.64
2026-03-01,65733.52
2026-03-02,68922.62
2026-03-03,68431.17
2026-03-04,72667.46
2026-03-05,70987.43
2026-03-06,68226.71
2026-03-07,67315.55
2026-03-08,66202.7
2026-03-09,68528.54
2026-03-10,69891.82
2026-03-11,70298.58
2026-03-12,70538.11
2026-03-13,70930.01
2026-03-14,71136.22
2026-03-15,72712.15
2026-03-16,74723.96
2026-03-17,74086.01
2026-03-18,71253.96
2026-03-19,69948.9
2026-03-20,70510.42
2026-03-21,69707.29
2026-03-22,68018.15
2026-03-23,70726.21
2026-03-24,70610.02
2026-03-25,71281.3
2026-03-26,68722.97
2026-03-27,66214.17
2026-03-28,66351.07
2026-03-29,65966.75
2026-03-30,66651.23
2026-03-31,68214.87
2026-04-01,68116.82
2026-04-02,66908.32
2026-04-03,66891.74
2026-04-04,67295.13
2026-04-05,68921.81
2026-04-06,68742.91
2026-04-07,72057.12
2026-04-08,71085.06
2026-04-09,71788.68
2026-04-10,72945.07
2026-04-11,73119.11
2026-04-12,70685.37
2026-04-13,74632.75
2026-04-14,74173.51
2026-04-15,74761.96
2026-04-16,75095.74
2026-04-17,77114.48
2026-04-18,75792.06
2026-04-19,73905.2
2026-04-20,75814.15
2026-04-21,76107.44
2026-04-22,78317.74
2026-04-23,78233.68
2026-04-24,77444.27
2026-04-25,77624.71
2026-04-26,78538.77
2026-04-27,77256.3
2026-04-28,76295.53
2026-04-29,75795.01
2026-04-30,76299.62
2026-05-01,78132.64
2026-05-02,78712.54
2026-05-03,78649.17
2026-05-04,79826.11
2026-05-05,80936.75
2026-05-06,81364.62
2026-05-07,79989.0
2026-05-08,80179.69
2026-05-09,80663.63
2026-05-10,82256.78
2026-05-11,81714.74
2026-05-12,80525.56
2026-05-13,79291.91
2026-05-14,81175.83
2026-05-15,79063.41
2026-05-16,78164.5
2026-05-17,77497.7
2026-05-18,76975.91
2026-05-19,76807.46
2026-05-20,77408.17
2026-05-21,77595.39
2026-05-22,75567.54
2026-05-23,76619.87
2026-05-24,76950.99
2026-05-25,77244.57
2026-05-26,75816.04
2026-05-27,74268.78
2026-05-28,73500.53
2026-05-29,73322.9
2026-05-30,73731.48
2026-05-31,73599.56
2026-06-01,71328.73
2026-06-02,66540.69
2026-06-03,64232.58
2026-06-04,63639.25
2026-06-05,60907.61
2026-06-06,60771.61
2026-06-07,63158.25
2026-06-08,63109.62
2026-06-09,61640.46
2026-06-10,61435.08
2026-06-11,63475.32
2026-06-12,63475.64
2026-06-13,64423.54
2026-06-14,65615.33
2026-06-15,66222.59
2026-06-16,65638.14
2026-06-17,64400.73
2026-06-18,62835.22
2026-06-19,63307.28
2026-06-20,64220.54
2026-06-21,63365.44
2026-06-22,63923.57
2026-06-23,62593.35
2026-06-24,60908.19
2026-06-25,59863.42
2026-06-26,59961.51
2026-06-27,59955.57
2026-06-28,59516.67
2026-06-29,60175.46
2026-06-30,58525.08
2026-07-01,60065.6
2026-07-02,61438.19
2026-07-03,62564.61
2026-07-04,63090.41
2026-07-05,63619.88
2026-07-06,64063.06
2026-07-07,63458.12
2026-07-08,62214.04
2026-07-09,63189.39
2026-07-10,64118.62
2026-07-11,63892.71
2026-07-12,63752.27
2026-07-13,62126.53
2026-07-14,64934.44
2026-07-15,64765.06
2026-07-16,63780.14
2026-07-17,63915.92
2026-07-18,64777.66
2026-07-19,64653.05
2026-07-20,65181.92
2026-07-21,66403.1
2026-07-22,65983.19
2026-07-23,65094.41
2026-07-24,64100.11
2026-07-25,64331.33
2026-07-26,65328.79
2026-07-27,63718.24
2026-07-28,63728.45
2026-07-29,63904.64
2026-07-30,64827.57
2026-07-31,62875.18
2026-08-01,62751.88
2026-08-02,63445.68
2026-08-03,63460.05
2026-08-04,64161.47
2026-08-05,64610.31
2026-08-06,64212.27
2026-08-07,64869.17
2026-08-08,64906.96
2026-08-09,64864.93
2026-08-10,63907.75
2026-08-11,63547.44
2026-08-12,63359.4
2026-08-13,63395.01
2026-08-14,62924.7
2026-08-15,63034.43
2026-08-16,62818.41
2026-08-17,64434.14
2026-08-18,64696.18
2026-08-19,69267.83
2026-08-20,73070.93
2026-08-21,78359.17
2026-08-22,77020.13
2026-08-23,77593.03
2026-08-24,78894.5
2026-08-25,78601.4
2026-08-26,78955.04
2026-08-27,80297.4
2026-08-28,77716.59
2026-08-29,78243.93
2026-08-30,77689.19
2026-08-31,78533.89
2026-09-01,77407.7
2026-09-02,77188.7
2026-09-03,81243.24
2026-09-04,79681.56
2026-09-05,79817.32
2026-09-06,80319.97
2026-09-07,79073.02
2026-09-08,78445.68
2026-09-09,78207.48
2026-09-10,76675.77
2026-09-11,77176.82
2026-09-12,77252.41
2026-09-13,76759.26
2026-09-14,78278.79
2026-09-15,75650.43
2026-09-16,76082.38
2026-09-17,76386.9
2026-09-18,80944.16
2026-09-19,81262.35
2026-09-20,81194.74
2026-09-21,86505.3
2026-09-22,86205.27
2026-09-23,84434.32
2026-09-24,84386.58
2026-09-25,84062.16
2026-09-26,84386.5
2026-09-27,84392.47
2026-09-28,83516.76
2026-09-29,83674.66
2026-09-30,83579.67
2026-10-01,84777.24
